evaluator_revision,evaluator_step,source_revision,source_step,prompt_id,prompt_family,prompt,completion_text,generation_valid,generation_invalid_reason,avg_logprob,sum_logprob,perplexity,answer_token_count,temporal_distance,prompt_centered_avg_logprob
step143000,143000,step128000,128000,explanation_016,explanation,Explain why teams keep revision logs.,"

A:

I think you are right.  I have a few questions about this.

Why do you need to keep the revision log?  If you are not going to use it, why not just use the revision log?
Why do you need",1,,-2.0548558235168457,-115.0719223022461,7.805712391342784,56,15000,-0.10717791318893433
step143000,143000,step64000,64000,explanation_016,explanation,Explain why teams keep revision logs.,"

A:

I think you are looking for the ""log"" command.

A:

You can use the log command to view the log of a particular command.
For example, if you want to see the log of the command ""ls -",1,,-1.840499997138977,-103.06800079345703,6.299687299332097,56,79000,0.10717791318893433
step143000,143000,step128000,128000,explanation_014,explanation,Explain why cities zone industrial districts.,"

The city of New York has a long history of zoning. In the early 1900s, the city was a leader in the development of the industrial districts. The city’s first zoning ordinance was passed in 1883, and the first zoning ordinance was passed in New York",1,,-2.167391777038574,-121.37393951416016,8.735470247865482,56,15000,0.08830130100250244
step143000,143000,step16000,16000,explanation_014,explanation,Explain why cities zone industrial districts.,"

The city of San Francisco has been criticized for its lack of industrial districts, and the city’s industrial districts are often the most expensive in the country.

The city’s industrial districts are often the most expensive in the country.

The city’s",1,,-2.343994379043579,-131.26368713378906,10.42278608352827,56,127000,-0.08830130100250244
step143000,143000,step16000,16000,explanation_019,explanation,Explain why local governments post meeting minutes.,"

The city’s mayor, Mark L. Williams, said the city’s board of directors has been working with the city’s planning department to develop a plan for the meeting.

“We’re going to have a plan for the meeting,” Williams said",1,,-2.206967353820801,-123.59017181396484,9.08811352656922,56,127000,0.0
step143000,143000,step143000,143000,judgment_008,judgment,Should a newsroom publish quickly with updates or wait for fuller confirmation?,"

I’m not sure I’d call it a “newsroom” but I’m sure it’s a place where people can get their news.

I’m not sure I’d call it a “newsroom” but I’m sure",1,,-0.9823398590087891,-55.01103210449219,2.6706979934320945,56,0,0.0
step143000,143000,step143000,143000,judgment_012,judgment,Should a court prefer bright-line rules or flexible standards?,"

The answer is that it depends on the circumstances.

The law is clear that the court should not be bound by a bright-line rule.

The court should be able to consider the facts of the case and the circumstances of the case in deciding whether to",1,,-1.2333852052688599,-69.06957244873047,3.4328307256668413,56,0,0.15683913230895996
step143000,143000,step16000,16000,judgment_012,judgment,Should a court prefer bright-line rules or flexible standards?,"

The court has a lot of power to decide what is best for the community. But it is also important to remember that the court is not a court of law. It is a court of law, and the court is not a court of law.

The court",1,,-1.5470634698867798,-86.63555145263672,4.6976551026486835,56,127000,-0.15683913230895996
step143000,143000,step143000,143000,explanation_009,explanation,Explain why universities require office hours.,"

The University of California, Berkeley, has a long history of providing free, on-campus office hours to its students. The university has also been a leader in the development of the Office of Student Affairs, which provides a range of services to students, including advising,",1,,-1.6763800382614136,-93.87728118896484,5.346167976870841,56,0,-0.05482900142669678
step143000,143000,step128000,128000,explanation_009,explanation,Explain why universities require office hours.,"

The University of California, Berkeley, has a long history of providing free, on-campus office hours to its students. The university has also been a leader in the development of technology that allows students to work remotely from home.

The university has also been a",1,,-1.6328935623168945,-91.4420394897461,5.118664485329175,56,15000,-0.011342525482177734
step143000,143000,step64000,64000,explanation_009,explanation,Explain why universities require office hours.,"

The University of California, Berkeley, has a long history of being a leader in the field of education. In the early 1900s, the university was the first to offer a full-time, full-time, full-time, full-time, full-time",1,,-1.5553795099258423,-87.10124969482422,4.736883878530594,56,79000,0.06617152690887451
step143000,143000,step64000,64000,explanation_003,explanation,Explain why schools keep science laboratories.,"

The science labs are a great way to learn about science and the environment. They are also a great way to get a sense of what the science is like in the real world.

The science labs are also a great way to get a sense of what the science",1,,-1.7095947265625,-95.7373046875,5.526721190395278,56,79000,0.0
step143000,143000,step128000,128000,judgment_009,judgment,Should a university require broad general education or early specialization?,"

A:

The answer is yes.
The University of California, Berkeley, has a general education requirement for all students.  The requirement is that the student must have a general education in the sciences, mathematics, and the humanities.  The requirement is not",1,,-1.6609618663787842,-93.01386260986328,5.264372032426812,56,15000,-0.10053163766860962
step143000,143000,step64000,64000,judgment_009,judgment,Should a university require broad general education or early specialization?,"

I am a graduate student in the field of education. I am interested in the question of whether a university should require broad general education or early specialization. I am not sure if I understand the question correctly.

A:

The question is not about whether a",1,,-1.459898591041565,-81.75431823730469,4.305522887614388,56,79000,0.10053163766860962
step143000,143000,step143000,143000,judgment_005,judgment,Should a hospital use first-come service or urgency-based triage during overload?,"

The aim of this study was to determine the effect of a hospital-based first-come service or urgency-based triage during overload on the use of hospital resources.

Methods {#Sec2}
=======

Study design {#Sec3}
------------
",1,,-0.6489006280899048,-36.338436126708984,1.9134360943888853,56,0,0.18375358978907264
step143000,143000,step128000,128000,judgment_005,judgment,Should a hospital use first-come service or urgency-based triage during overload?,"

The aim of this study was to determine the effect of the first-come service or urgency-based triage on the time to hospital discharge in patients with acute myocardial infarction (AMI).

Methods {#Sec2}
=======

Study design {#Sec3",1,,-0.7713378071784973,-43.194915771484375,2.1626575381423714,56,15000,0.061316410700480106
step143000,143000,step16000,16000,judgment_005,judgment,Should a hospital use first-come service or urgency-based triage during overload?,"

The study was conducted in a tertiary care hospital in the Netherlands. The study was approved by the institutional review board of the hospital.

The study was conducted in accordance with the Declaration of Helsinki and was performed in accordance with the ethical standards of the Declaration of Helsinki.",1,,-1.0777242183685303,-60.35255432128906,2.937985723166978,56,127000,-0.24507000048955285
