pair_name,control_kind,graft_mode,prompt_family,n,prompt_count,donor_identity_fraction_mean,donor_identity_fraction_ci95_low,donor_identity_fraction_ci95_high,js_to_host_mean,js_to_host_ci95_low,js_to_host_ci95_high,js_to_donor_mean,js_to_donor_ci95_low,js_to_donor_ci95_high,text_donor_identity_fraction_mean,text_donor_identity_fraction_ci95_low,text_donor_identity_fraction_ci95_high,semantic_donor_identity_fraction_mean,semantic_donor_identity_fraction_ci95_low,semantic_donor_identity_fraction_ci95_high,recovery_fraction_mean,recovery_fraction_ci95_low,recovery_fraction_ci95_high,persistence_mean,persistence_ci95_low,persistence_ci95_high,cad_mean,cad_ci95_low,cad_ci95_high,next_token_kl_mean,next_token_kl_ci95_low,next_token_kl_ci95_high,activation_norm_deviation_mean,activation_norm_deviation_ci95_low,activation_norm_deviation_ci95_high,verbal_donor_claim_mean,verbal_donor_claim_ci95_low,verbal_donor_claim_ci95_high
later_host_young_donor,adjacent,prefix,explanation,12,2,0.15669884577854398,0.04090921314144684,0.279611241946034,0.0033513912097381158,0.00033670259915652423,0.007447312723108249,0.007977958341750005,0.006841127213556319,0.009219721882254816,0.0,0.0,0.0,0.022805252416056132,1.9542582283373622e-16,0.06841575724816738,0.0,0.0,0.0,1.0,1.0,1.0,40.197729190190636,14.775064474344253,67.72570565144221,0.013600324018625543,0.0013445012106482561,0.030442825045489976,4.004774919711053,0.7819590951665305,8.073981730973658,1.0,1.0,1.0
later_host_young_donor,adjacent,single_layer,explanation,12,2,0.15669884577854398,0.04090921314144684,0.279611241946034,0.0033513912097381158,0.00033670259915652423,0.007447312723108249,0.007977958341750005,0.006841127213556319,0.009219721882254816,0.0,0.0,0.0,6.601309684963635e-16,1.9542582283373622e-16,1.124836114158991e-15,0.0,0.0,0.0,1.0,1.0,1.0,18.433989365895588,9.524519007404646,27.263032702604928,0.013600324018625543,0.0013445012106482561,0.030442825045489976,0.22773508541285992,0.06912056073779241,0.39597552055881047,1.0,1.0,1.0
later_host_young_donor,adjacent,suffix,explanation,12,2,0.34299729457762346,0.1747412645006155,0.5109686053008805,0.005678857632119616,0.0028367134581079273,0.008492609235872806,0.006517016678117216,0.005845921970709848,0.007255921131581999,0.0,0.0,0.0,6.601309684963635e-16,1.9542582283373622e-16,1.124836114158991e-15,0.0,0.0,0.0,1.0,1.0,1.0,42.70892884333929,15.977446160217127,72.50095395098128,0.02200599129719194,0.011096743735834025,0.03289291154251259,6.645379662513733,3.393127248684565,9.626963158448538,1.0,1.0,1.0
later_host_young_donor,name_only,none,explanation,2,2,0.4909951187881575,0.45838382177153925,0.5236064158047757,0.10504419729113579,0.09308620542287827,0.11700218915939331,0.10822043567895889,0.10645227134227753,0.10998860001564026,0.5015024102814142,0.49999999999975253,0.5030048205630758,0.46896267382301915,0.40440546833261387,0.5335198793134244,,,,,,,,,,,,,,,,1.0,1.0,1.0
later_host_young_donor,primary,prefix,explanation,12,2,0.25100604760182677,0.10882385138760184,0.3930715576624836,0.017273363069458963,0.005279461663083869,0.029254607136006895,0.03243894331778089,0.025621784684093048,0.04011777132982388,0.2567223515470558,0.08333333333329358,0.4426893058267751,0.1572993186563892,0.05754675205187183,0.2631592334041399,0.041704829987814294,0.0,0.10108948411199087,0.9582951700121857,0.8989105158880091,1.0,209.70827968915304,74.70004033446313,346.52495861053467,0.08843064919832007,0.024243833154226496,0.15534025627882025,15.52925421949476,4.481766183569562,27.730793307201626,1.0,1.0,1.0
later_host_young_donor,primary,single_layer,explanation,12,2,0.25100604760182677,0.10882385138760184,0.3930715576624836,0.017273363069458963,0.005279461663083869,0.029254607136006895,0.03243894331778089,0.025621784684093048,0.04011777132982388,0.04166666666665303,0.0,0.12499999999995909,0.03210596227038268,-3.5065317660533954e-16,0.09631788681114839,0.041704829987814294,0.0,0.10108948411199087,0.9582951700121857,0.8989105158880091,1.0,88.9548823038737,39.883828745285676,139.94375080565612,0.08843064919832007,0.024243833154226496,0.15534025627882025,0.22773508541285992,0.06912056073779241,0.39597552055881047,1.0,1.0,1.0
later_host_young_donor,primary,suffix,explanation,12,2,0.21925247160921613,0.11048481883469724,0.3280152941099378,0.061106348365683516,0.028115475906687,0.09244550630895294,0.09456942044198513,0.05799991955670218,0.12790046259760857,0.11167975500274313,0.0,0.2747598208025208,0.06383538792472743,-4.4340112395500647e-16,0.15524424858631378,0.12050422916858107,0.05239953193468618,0.18337387130273974,0.8794957708314189,0.8166261286972603,0.9476004680653137,183.34327167272568,59.80271493246158,325.6620492676894,0.5420591200090712,0.2377645280725119,0.8240702915694177,37.20696222782135,18.31969265739123,55.58741229772568,1.0,1.0,1.0
later_host_young_donor,random_same_norm,prefix,explanation,12,2,0.21711231529292696,0.08847634462001268,0.337515913110606,0.05599425511324322,0.011016956677008239,0.11347422390723143,0.0821424974128604,0.03785966434516013,0.140426858390371,0.14400004400672511,0.03176245646819723,0.2699909345956932,0.14764625850311477,0.04602927746146411,0.2618093893418142,0.0,0.0,0.0,1.0,1.0,1.0,222.63063025474548,81.28145440419516,368.6776533126831,0.2874443632560239,0.050959926466627316,0.5925134339509289,15.000495534700653,4.363993512571323,26.575069636343198,1.0,1.0,1.0
later_host_young_donor,random_same_norm,single_layer,explanation,12,2,0.24454278746174096,0.09499146661236721,0.38277274168137165,0.09642899621788577,0.013633218755057899,0.20022010305166682,0.11125825950875878,0.03640303395222872,0.2085650636775729,0.14401650135996955,0.04166666666664679,0.2690165013599168,0.15945817582810504,0.033650823297864875,0.28366652022516925,0.0,0.0,0.0,1.0,1.0,1.0,101.9004332224528,45.53477436502775,156.71539725313585,0.4848297892458504,0.05611935462329712,1.0464090560057226,0.22773508541285992,0.06912056073779241,0.39597552055881047,1.0,1.0,1.0
later_host_young_donor,random_same_norm,suffix,explanation,12,2,0.24637418481299098,0.12280170801996738,0.3688740010328532,0.21855519521250244,0.09422803519542716,0.33282273129073775,0.24204946868121624,0.1221063913932691,0.3523317190508048,0.2023850639660996,0.07959120635770209,0.32671490615854654,0.2042372833531443,0.08122932905230582,0.32923728335308183,0.0,0.0,0.0,1.0,1.0,1.0,208.50408786535263,72.74841331491868,360.82176864892233,1.2341938877798384,0.44997556246416937,1.9069130091374973,40.3448406457901,19.525705383221307,60.41520541906357,1.0,1.0,1.0
later_host_young_donor,shuffled_prompt,prefix,explanation,12,2,0.23762764588890287,0.09892980351959509,0.37348728027498257,0.023171232813486615,0.00736182146530003,0.04096268681883733,0.038859750454624496,0.028805384427929917,0.05050945733673871,0.12499999999995286,0.04166666666664679,0.24999999999991193,0.09786274783863048,0.032105962270382496,0.19727035670474302,0.025262867216495524,0.0,0.06258806184620432,0.9747371327835045,0.9374119381537956,1.0,219.88263297080994,78.84521552324296,365.7482334772746,0.13315700916670417,0.03481861145713386,0.24866940009317962,16.19575542366753,4.542110474209767,29.545770818515056,1.0,1.0,1.0
later_host_young_donor,shuffled_prompt,single_layer,explanation,12,2,0.23762764588890287,0.09892980351959509,0.37348728027498257,0.023171232813486615,0.00736182146530003,0.04096268681883733,0.038859750454624496,0.028805384427929917,0.05050945733673871,0.04166666666664679,0.0,0.12499999999994038,0.03365082329786478,-3.5065317660533954e-16,0.10095246989359469,0.025262867216495524,0.0,0.06258806184620432,0.9747371327835045,0.9374119381537956,1.0,94.23209953308105,42.38917828202248,145.94488189419107,0.13315700916670417,0.03481861145713386,0.24866940009317962,0.22773508541285992,0.06912056073779241,0.39597552055881047,1.0,1.0,1.0
later_host_young_donor,shuffled_prompt,suffix,explanation,12,2,0.21948385861818073,0.10790908064752242,0.3310538063150417,0.06410126197351929,0.030426284094013076,0.09777597204295792,0.0981550756841898,0.062110366811975834,0.13219029208024344,0.04166666666664679,0.0,0.12499999999994038,0.03365082329786478,-3.5065317660533954e-16,0.10095246989359469,0.07164057418905474,0.03382203633678241,0.10945911204132709,0.9283594258109454,0.8905408879586729,0.9661779636632177,193.5024170279503,62.79828582555056,346.2253297095497,0.6292972827650374,0.2694794632268895,0.9881930041544061,38.88985598087311,19.838829610745112,57.87750875751178,1.0,1.0,1.0
later_host_young_donor,very_early,prefix,explanation,12,2,0.19673821756106943,0.06670464160489167,0.3342029347309473,0.16713043670370098,0.04324484602572435,0.29203198732926317,0.23672683537006378,0.14757798849605022,0.3245093251423289,0.18032988290637117,0.055528342280979824,0.3080775192550963,0.19198145667566635,0.06430431344430214,0.3334002619139523,0.21744545000823534,0.05687177944018013,0.38276226274896663,0.7825545499917648,0.6172377372510335,0.9431282205598199,1213.206299861272,335.46746793786684,2110.4038635730744,1.0639740075615312,0.2721812223226152,1.8787345777188116,67.07042370395114,19.14796388569521,118.80052683771352,1.0,1.0,1.0
later_host_young_donor,very_early,single_layer,explanation,12,2,0.19673821756106943,0.06670464160489167,0.3342029347309473,0.16713043670370098,0.04324484602572435,0.29203198732926317,0.23672683537006378,0.14757798849605022,0.3245093251423289,0.205079364268009,0.05694634759853245,0.3568336447248097,0.19106690775563864,0.06467232184025605,0.3348218311450708,0.16765825620544864,0.043407601869729175,0.29397608311039,0.8323417437945514,0.7060239168896101,0.9565923981302709,445.10012372334796,80.94222545822461,929.6320443853737,1.0639740075615312,0.2721812223226152,1.8787345777188116,0.22773508541285992,0.06912056073779241,0.39597552055881047,1.0,1.0,1.0
later_host_young_donor,very_early,suffix,explanation,12,2,0.2602410464799419,0.12996831402010428,0.3905126078773505,0.22196605610861297,0.11100807569169623,0.3329123741929531,0.2720221634954214,0.1926716651301831,0.34311614371836185,0.1924294642071452,0.058370083754932994,0.3319802373154046,0.1873790652075538,0.06430431344430237,0.31572143101869443,0.3824042508252315,0.19048742758659262,0.5738446088465218,0.6175957491747684,0.4261553911534783,0.8095125724134075,985.6176781058311,273.13257869581383,1866.9382773255306,1.4378742838598555,0.7148177124334325,2.160929766148911,199.5155655145645,99.98028378287951,298.88155406713486,1.0,1.0,1.0
