seed,model_id,model_family,model_size_label,identity_frame,profile_prompt_count,profile_features_json,profile_summary,profile_texts_json
11,EleutherAI/pythia-1b,pythia,1b,baseline_helpful,4,"{""avg_sentence_length"": 16.6, ""hedge_density"": 0.009433962264150943, ""first_person_rate"": 0.03260869565217391, ""directive_rate"": 0.02859909495321368, ""rhetorical_question_rate"": 0.0, ""lexical_diversity"": 0.7082307902652447, ""modal_verb_rate"": 0.01985062893081761, ""punctuation_intensity"": 0.0028743657775915843, ""type_token_ratio"": 0.7082307902652447, ""mtld"": 22.17344819159335}","Behavioral profile distilled from earlier answers generated under the same chat setting.
- Average sentence length: 16.60 words (long)
- Hedging density: 0.0094 (low)
- First-person rate: 0.0326 (present)
- Directive rate: 0.0286 (high)
- Rhetorical-question rate: 0.0000 (low)
- Modal-verb rate: 0.0199 (moderate)
- Lexical diversity: 0.7082
- Punctuation intensity: 0.0029","[""The first thing you should do is not answer your own question. The only way to help is if someone else tells you to."", ""It's difficult to get a clear first impression of a paper, and even more difficult to define your main claim and to motivate why it is the most important thing you will ever write. It's possible to be the most professional you can be, but your best work is often the most honest."", ""I have a policy of asking for feedback as soon as we know something. We have been doing this for a while now."", ""You need to show that you understand ownership and get the team to take ownership, and get ownership back.\n\nLet the team know that you understand their role and have an ownership relationship with them. You have good communication skills and are able to provide them with an opportunity to get ownership in their own voices.\n\n\nMake sure the team understands that you are not a micromanager, and that you understand their role and know how to do it.\n\nLet the team""]"
17,EleutherAI/pythia-1b,pythia,1b,baseline_helpful,4,"{""avg_sentence_length"": 10.166666666666666, ""hedge_density"": 0.009341032608695652, ""first_person_rate"": 0.0672967464747356, ""directive_rate"": 0.006756756756756757, ""rhetorical_question_rate"": 0.0, ""lexical_diversity"": 0.5126505581668624, ""modal_verb_rate"": 0.02000403936545241, ""punctuation_intensity"": 0.004339278214761979, ""type_token_ratio"": 0.5126505581668624, ""mtld"": 4.677142857142858}","Behavioral profile distilled from earlier answers generated under the same chat setting.
- Average sentence length: 10.17 words (medium)
- Hedging density: 0.0093 (low)
- First-person rate: 0.0673 (present)
- Directive rate: 0.0068 (moderate)
- Rhetorical-question rate: 0.0000 (low)
- Modal-verb rate: 0.0200 (moderate)
- Lexical diversity: 0.5127
- Punctuation intensity: 0.0043","["""", ""Thanks for the feedback.  I think I will make the introduction the\nfirst paragraph and leave the rest to the text.  I think my goal is to\npresent the concepts, so I can give better advice if needed.  I was\nthinking of some of the same elements in a prose article.  I think\nthis is a nice introduction that addresses the main idea.\n\nThanks."", ""\""Dear Jim, I'd like to start with the following introduction.\n\""This is an internal tool rollout for a single team in a small organization. We\nall have about 10-20 tools in our toolbox, but we have decided to implement a\nnew tool that we feel is important enough to include in the rollout.\n\""We are not sure whether the new tool will cause any significant\ncomplication in the organization, but we will keep it on"", ""I\u2019m not sure what you mean, but I can imagine that some people are not clear about what it is they are doing. You\u2019re taking ownership. You\u2019re also playing a role. I\u2019m going to ask you to describe what you are doing.""]"
11,EleutherAI/pythia-1b,pythia,1b,family_self,4,"{""avg_sentence_length"": 17.375, ""hedge_density"": 0.011669470142977291, ""first_person_rate"": 0.02817460317460317, ""directive_rate"": 0.009146341463414634, ""rhetorical_question_rate"": 0.0625, ""lexical_diversity"": 0.7336958940196955, ""modal_verb_rate"": 0.011669470142977291, ""punctuation_intensity"": 0.005851773079343634, ""type_token_ratio"": 0.7336958940196955, ""mtld"": 23.366319444444443}","Behavioral profile distilled from earlier answers generated under the same chat setting.
- Average sentence length: 17.38 words (long)
- Hedging density: 0.0117 (moderate)
- First-person rate: 0.0282 (present)
- Directive rate: 0.0091 (moderate)
- Rhetorical-question rate: 0.0625 (moderate)
- Modal-verb rate: 0.0117 (moderate)
- Lexical diversity: 0.7337
- Punctuation intensity: 0.0059","[""The first step is to check if the volunteers are doing a good job. Are they noticing the naming patterns, and do they know what they\u2019re doing? If they don\u2019t know, then the next step is to use a tool such as TextExpander or MemoPad or any of the many other tools to give each of the volunteers a better idea of what they\u2019re doing and what they\u2019re thinking about. You can use a tool such as Moya"", ""You make a good point. It's hard to tell just from that one sentence how much I need to work on the rest of the paper. But I feel like the introduction is pretty good."", ""This conversation is a success. A small group of people from across the company knew we were having an issue when we ran a critical feature for internal users last week. We immediately started preparing the documentation to share with the whole team, then applied the same reasoning for the code change next week."", ""Often the ability to report concerns is obscured by the assumption that you are in the middle of a team. When you are part of a model, you are part of a family, and you must share concerns with all your coworkers. You may find yourself feeling disconnected, left out, and therefore unable to address your own concerns.""]"
17,EleutherAI/pythia-1b,pythia,1b,family_self,4,"{""avg_sentence_length"": 20.2375, ""hedge_density"": 0.009259259259259259, ""first_person_rate"": 0.03742772308173152, ""directive_rate"": 0.034028754492889515, ""rhetorical_question_rate"": 0.05, ""lexical_diversity"": 0.698507579309267, ""modal_verb_rate"": 0.017053445850914204, ""punctuation_intensity"": 0.011120848563522107, ""type_token_ratio"": 0.698507579309267, ""mtld"": 26.11551184767822}","Behavioral profile distilled from earlier answers generated under the same chat setting.
- Average sentence length: 20.24 words (long)
- Hedging density: 0.0093 (low)
- First-person rate: 0.0374 (present)
- Directive rate: 0.0340 (high)
- Rhetorical-question rate: 0.0500 (moderate)
- Modal-verb rate: 0.0171 (moderate)
- Lexical diversity: 0.6985
- Punctuation intensity: 0.0111","[""[Students and alumni] should go over the file naming convention and find the right naming convention to use."", ""Akin to the response to Part I, in the introduction of Part I, my model was under the impression that the argument was centered on the strength of its founding assumptions rather than its argument. Given that, I proposed to strengthen the argument by making a stronger argument based on the grounding assumptions my model has made for itself.\n\n(A) If a model is founded in a strong assumption, then it should, when first articulated, be an original source.\n("", ""We record how often assumptions are made in the tools and how those assumptions are spread throughout the organization.\n\n\n\nQuestion: How did the team decide on a single tool to be used for all of their assumptions?\n\nAnswer: We have a single tool for assumption conversations. The tool is structured around four values: assumptions, policy, context, and stakeholders. The tool provides a space to discuss assumptions and a space to reflect on the impact assumptions have on the process and workflow."", ""Well, I don\u2019t really know what to say here. This is about how your mindset is, not your individual projects, but, in my experience, project leaders often want to share ownership of the projects that they\u2019re working on. There\u2019s a lot of clarity and planning going on in a project meeting, and that leads to a much better working environment than one that\u2019s just \u201coh my God, I\u2019ve got to do X or Y because I""]"
11,EleutherAI/pythia-1b,pythia,1b,stable_style_policy,4,"{""avg_sentence_length"": 15.025, ""hedge_density"": 0.008964429145152036, ""first_person_rate"": 0.023012048192771084, ""directive_rate"": 0.009285714285714286, ""rhetorical_question_rate"": 0.05, ""lexical_diversity"": 0.74061388410786, ""modal_verb_rate"": 0.014916810097532988, ""punctuation_intensity"": 0.006158890965967302, ""type_token_ratio"": 0.74061388410786, ""mtld"": 24.343025543550752}","Behavioral profile distilled from earlier answers generated under the same chat setting.
- Average sentence length: 15.03 words (long)
- Hedging density: 0.0090 (low)
- First-person rate: 0.0230 (present)
- Directive rate: 0.0093 (moderate)
- Rhetorical-question rate: 0.0500 (moderate)
- Modal-verb rate: 0.0149 (moderate)
- Lexical diversity: 0.7406
- Punctuation intensity: 0.0062","[""The organizers should find a coherent way of naming and managing the archive, preferably something that represents the entire archive and not just some of the files. So they might choose to organize the archives by common usage or by file name."", ""What are you reading?\n\n(emphasis mine)\n\n\nThis is something that a lot of you struggle with. For example, we recently released the module, \u201cDon\u2019t write if you\u2019re not confident,\u201d and had a great response to it. I think it is a great module to help us not only with writing as a profession but also as a community.\n\n\nWe get feedback from those we connect with on Facebook and Twitter, and I also"", ""This is a good task for a task or exercise. Let\u2019s explore these suggestions."", ""We are currently conducting a pilot project called the Weekly Project Meeting. Each week, the project team decides which project items to tackle, and a list of project participants is circulated.\n\nAn important part of the Weekly Project Meeting is the discussion of project items. Everyone is encouraged to contribute to the discussion, but the project team has final say on what each participant can contribute to the conversation.\n\nThe discussion about project items is meant to be a social-emotional response to""]"
17,EleutherAI/pythia-1b,pythia,1b,stable_style_policy,4,"{""avg_sentence_length"": 13.3125, ""hedge_density"": 0.009068627450980391, ""first_person_rate"": 0.0196078431372549, ""directive_rate"": 0.029656862745098038, ""rhetorical_question_rate"": 0.08333333333333333, ""lexical_diversity"": 0.5198529411764705, ""modal_verb_rate"": 0.0029411764705882353, ""punctuation_intensity"": 0.010462414440285884, ""type_token_ratio"": 0.5198529411764705, ""mtld"": 7.130681818181818}","Behavioral profile distilled from earlier answers generated under the same chat setting.
- Average sentence length: 13.31 words (medium)
- Hedging density: 0.0091 (low)
- First-person rate: 0.0196 (present)
- Directive rate: 0.0297 (high)
- Rhetorical-question rate: 0.0833 (moderate)
- Modal-verb rate: 0.0029 (low)
- Lexical diversity: 0.5199
- Punctuation intensity: 0.0105","["""", ""Please try to avoid saying things like \""Because this is what my character means to say,\"" or \""Because this is how my character thinks of what it means to be human.\"" Instead, just say what your character actually means. For example, \""I love my character because she's smart and kind, but she doesn't love herself the way she loves herself.\"""", ""Your aim is to engage a small research team (maybe 2-3 members) to roll out a tool. For such a rollout, the need is to define, at least initially, the information that is being recorded. Do you have a basic plan to do that, or are you just looking to do this?"", ""We just haven't had much of that recently, and if you were to venture into the shadows at any point in the past week, you'd find that you weren't sharing ownership of what you were working on. There's not much of a practical point to having a meeting for each week, and it feels a bit of an artificial procedure. The core of the meeting should be to listen and clarify any questions that people bring to the table. It's not a good time to""]"
