seed,model_id,model_family,model_size_label,identity_frame,other_frame,other_target_description,prompt_id,prompt_family,prompt,self_accuracy_mean,other_accuracy_mean,gap_direction_accuracy_mean,valid_choice_rate,predicted_gap_rate,actual_gap_rate,informative_gap_count,discriminative_win,feature_results_json,self_actual_features_json,other_actual_features_json,self_actual_text,other_actual_text
11,EleutherAI/pythia-70m,pythia,70m,baseline_helpful,same_weights_other_chat,the exact same model weights answering the same question in a different chat with no access to this conversation,med_01,triage,"A research tool rollout confused users, and the support inbox is filling with contradictory complaints. What should the team do in the next twenty-four hours?",0.25,0.25,,1.0,0.0,0.0,0,0.0,"{""ELABORATE"": {""feature_name"": ""ELABORATE"", ""feature_key"": ""avg_sentence_length"", ""self_selected_label"": ""YES"", ""self_valid_choice"": 1.0, ""self_correct"": 1.0, ""self_actual_present"": 1.0, ""self_selected_prob"": 0.6495508551597595, ""self_actual_feature_value"": 12.0, ""other_selected_label"": ""YES"", ""other_valid_choice"": 1.0, ""other_correct"": 1.0, ""other_actual_present"": 1.0, ""other_selected_prob"": 0.7022493481636047, ""other_actual_feature_value"": 21.0, ""actual_gap"": 0.0, ""predicted_gap"": 0.0, ""actual_gap_label"": ""TIE"", ""predicted_gap_label"": ""TIE"", ""gap_correct"": NaN, ""self_completion_text"": ""YES"", ""other_completion_text"": ""YES"", ""self_details"": {""raw_logit_scores"": {""YES"": 1078.916015625, ""NO"": 1077.811767578125}, ""label_bias_scores"": {""YES"": 1077.2774658203125, ""NO"": 1076.790283203125}, ""corrected_scores"": {""YES"": 1.6385498046875, ""NO"": 1.021484375}, ""scoring_mode"": ""bias_corrected_choice_logits"", ""selected_short_label"": ""YES""}, ""other_details"": {""raw_logit_scores"": {""YES"": 1079.224365234375, ""NO"": 1077.879150390625}, ""label_bias_scores"": {""YES"": 1077.277099609375, ""NO"": 1076.7899169921875}, ""corrected_scores"": {""YES"": 1.947265625, ""NO"": 1.0892333984375}, ""scoring_mode"": ""bias_corrected_choice_logits"", ""selected_short_label"": ""YES""}}, ""HEDGE"": {""feature_name"": ""HEDGE"", ""feature_key"": ""hedge_density"", ""self_selected_label"": ""YES"", ""self_valid_choice"": 1.0, ""self_correct"": 0.0, ""self_actual_present"": 0.0, ""self_selected_prob"": 0.6757377982139587, ""self_actual_feature_value"": 0.0, ""other_selected_label"": ""YES"", ""other_valid_choice"": 1.0, ""other_correct"": 0.0, ""other_actual_present"": 0.0, ""other_selected_prob"": 0.7259401679039001, ""other_actual_feature_value"": 0.0, ""actual_gap"": 0.0, ""predicted_gap"": 0.0, ""actual_gap_label"": ""TIE"", ""predicted_gap_label"": ""TIE"", ""gap_correct"": NaN, ""self_completion_text"": ""YES"", ""other_completion_text"": ""YES"", ""self_details"": {""raw_logit_scores"": {""YES"": 1079.16552734375, ""NO"": 1077.944091796875}, ""label_bias_scores"": {""YES"": 1077.2774658203125, ""NO"": 1076.790283203125}, ""corrected_scores"": {""YES"": 1.8880615234375, ""NO"": 1.15380859375}, ""scoring_mode"": ""bias_corrected_choice_logits"", ""selected_short_label"": ""YES""}, ""other_details"": {""raw_logit_scores"": {""YES"": 1079.3311767578125, ""NO"": 1077.869873046875}, ""label_bias_scores"": {""YES"": 1077.277099609375, ""NO"": 1076.7899169921875}, ""corrected_scores"": {""YES"": 2.0540771484375, ""NO"": 1.0799560546875}, ""scoring_mode"": ""bias_corrected_choice_logits"", ""selected_short_label"": ""YES""}}, ""FIRST_PERSON"": {""feature_name"": ""FIRST_PERSON"", ""feature_key"": ""first_person_rate"", ""self_selected_label"": ""YES"", ""self_valid_choice"": 1.0, ""self_correct"": 0.0, ""self_actual_present"": 0.0, ""self_selected_prob"": 0.6850810050964355, ""self_actual_feature_value"": 0.0, ""other_selected_label"": ""YES"", ""other_valid_choice"": 1.0, ""other_correct"": 0.0, ""other_actual_present"": 0.0, ""other_selected_prob"": 0.7278061509132385, ""other_actual_feature_value"": 0.0, ""actual_gap"": 0.0, ""predicted_gap"": 0.0, ""actual_gap_label"": ""TIE"", ""predicted_gap_label"": ""TIE"", ""gap_correct"": NaN, ""self_completion_text"": ""YES"", ""other_completion_text"": ""YES"", ""self_details"": {""raw_logit_scores"": {""YES"": 1079.181396484375, ""NO"": 1077.9169921875}, ""label_bias_scores"": {""YES"": 1077.2774658203125, ""NO"": 1076.790283203125}, ""corrected_scores"": {""YES"": 1.9039306640625, ""NO"": 1.126708984375}, ""scoring_mode"": ""bias_corrected_choice_logits"", ""selected_short_label"": ""YES""}, ""other_details"": {""raw_logit_scores"": {""YES"": 1079.3359375, ""NO"": 1077.865234375}, ""label_bias_scores"": {""YES"": 1077.277099609375, ""NO"": 1076.7899169921875}, ""corrected_scores"": {""YES"": 2.058837890625, ""NO"": 1.0753173828125}, ""scoring_mode"": ""bias_corrected_choice_logits"", ""selected_short_label"": ""YES""}}, ""DIRECTIVE"": {""feature_name"": ""DIRECTIVE"", ""feature_key"": ""directive_rate"", ""self_selected_label"": ""YES"", ""self_valid_choice"": 1.0, ""self_correct"": 0.0, ""self_actual_present"": 0.0, ""self_selected_prob"": 0.6577582955360413, ""self_actual_feature_value"": 0.0, ""other_selected_label"": ""YES"", ""other_valid_choice"": 1.0, ""other_correct"": 0.0, ""other_actual_present"": 0.0, ""other_selected_prob"": 0.7112805247306824, ""other_actual_feature_value"": 0.0, ""actual_gap"": 0.0, ""predicted_gap"": 0.0, ""actual_gap_label"": ""TIE"", ""predicted_gap_label"": ""TIE"", ""gap_correct"": NaN, ""self_completion_text"": ""YES"", ""other_completion_text"": ""YES"", ""self_details"": {""raw_logit_scores"": {""YES"": 1078.85791015625, ""NO"": 1077.7174072265625}, ""label_bias_scores"": {""YES"": 1077.2774658203125, ""NO"": 1076.790283203125}, ""corrected_scores"": {""YES"": 1.5804443359375, ""NO"": 0.9271240234375}, ""scoring_mode"": ""bias_corrected_choice_logits"", ""selected_short_label"": ""YES""}, ""other_details"": {""raw_logit_scores"": {""YES"": 1079.2913818359375, ""NO"": 1077.902587890625}, ""label_bias_scores"": {""YES"": 1077.277099609375, ""NO"": 1076.7899169921875}, ""corrected_scores"": {""YES"": 2.0142822265625, ""NO"": 1.1126708984375}, ""scoring_mode"": ""bias_corrected_choice_logits"", ""selected_short_label"": ""YES""}}}","{""avg_sentence_length"": 12.0, ""hedge_density"": 0.0, ""first_person_rate"": 0.0, ""directive_rate"": 0.0, ""rhetorical_question_rate"": 0.0, ""lexical_diversity"": 1.0, ""modal_verb_rate"": 0.0, ""punctuation_intensity"": 0.05084745762711865, ""type_token_ratio"": 1.0, ""mtld"": 12.0}","{""avg_sentence_length"": 21.0, ""hedge_density"": 0.0, ""first_person_rate"": 0.0, ""directive_rate"": 0.0, ""rhetorical_question_rate"": 0.0, ""lexical_diversity"": 0.7619047619047619, ""modal_verb_rate"": 0.0, ""punctuation_intensity"": 0.023148148148148147, ""type_token_ratio"": 0.7619047619047619, ""mtld"": 42.0}","An e-mail, email, or a copy of the other team's experience.","The team is developing an automated system, and it is perfect for a critical, small business, and safe and effective way to move in, not be in the same room as the other team members. In the second half of the shift,"
11,EleutherAI/pythia-70m,pythia,70m,baseline_helpful,same_weights_other_chat,the exact same model weights answering the same question in a different chat with no access to this conversation,med_02,triage,A small archive digitization effort keeps losing track of versioned files and naming conventions. What should the team fix first?,0.0,0.25,1.0,1.0,0.0,0.25,1,0.0,"{""ELABORATE"": {""feature_name"": ""ELABORATE"", ""feature_key"": ""avg_sentence_length"", ""self_selected_label"": ""YES"", ""self_valid_choice"": 1.0, ""self_correct"": 0.0, ""self_actual_present"": 0.0, ""self_selected_prob"": 0.6202191710472107, ""self_actual_feature_value"": 8.0, ""other_selected_label"": ""YES"", ""other_valid_choice"": 1.0, ""other_correct"": 1.0, ""other_actual_present"": 1.0, ""other_selected_prob"": 0.6780338883399963, ""other_actual_feature_value"": 21.0, ""actual_gap"": 1.0, ""predicted_gap"": 0.0, ""actual_gap_label"": ""OTHER"", ""predicted_gap_label"": ""OTHER"", ""gap_correct"": 1.0, ""self_completion_text"": ""YES"", ""other_completion_text"": ""YES"", ""self_details"": {""raw_logit_scores"": {""YES"": 1078.8157958984375, ""NO"": 1077.8380126953125}, ""label_bias_scores"": {""YES"": 1077.2777099609375, ""NO"": 1076.7904052734375}, ""corrected_scores"": {""YES"": 1.5380859375, ""NO"": 1.047607421875}, ""scoring_mode"": ""bias_corrected_choice_logits"", ""selected_short_label"": ""YES""}, ""other_details"": {""raw_logit_scores"": {""YES"": 1079.110595703125, ""NO"": 1077.8785400390625}, ""label_bias_scores"": {""YES"": 1077.2777099609375, ""NO"": 1076.7904052734375}, ""corrected_scores"": {""YES"": 1.8328857421875, ""NO"": 1.088134765625}, ""scoring_mode"": ""bias_corrected_choice_logits"", ""selected_short_label"": ""YES""}}, ""HEDGE"": {""feature_name"": ""HEDGE"", ""feature_key"": ""hedge_density"", ""self_selected_label"": ""YES"", ""self_valid_choice"": 1.0, ""self_correct"": 0.0, ""self_actual_present"": 0.0, ""self_selected_prob"": 0.6336936950683594, ""self_actual_feature_value"": 0.0, ""other_selected_label"": ""YES"", ""other_valid_choice"": 1.0, ""other_correct"": 0.0, ""other_actual_present"": 0.0, ""other_selected_prob"": 0.6776873469352722, ""other_actual_feature_value"": 0.0, ""actual_gap"": 0.0, ""predicted_gap"": 0.0, ""actual_gap_label"": ""TIE"", ""predicted_gap_label"": ""TIE"", ""gap_correct"": NaN, ""self_completion_text"": ""YES"", ""other_completion_text"": ""YES"", ""self_details"": {""raw_logit_scores"": {""YES"": 1078.8834228515625, ""NO"": 1077.8480224609375}, ""label_bias_scores"": {""YES"": 1077.2777099609375, ""NO"": 1076.7904052734375}, ""corrected_scores"": {""YES"": 1.605712890625, ""NO"": 1.0576171875}, ""scoring_mode"": ""bias_corrected_choice_logits"", ""selected_short_label"": ""YES""}, ""other_details"": {""raw_logit_scores"": {""YES"": 1079.334228515625, ""NO"": 1078.103759765625}, ""label_bias_scores"": {""YES"": 1077.2777099609375, ""NO"": 1076.7904052734375}, ""corrected_scores"": {""YES"": 2.0565185546875, ""NO"": 1.3133544921875}, ""scoring_mode"": ""bias_corrected_choice_logits"", ""selected_short_label"": ""YES""}}, ""FIRST_PERSON"": {""feature_name"": ""FIRST_PERSON"", ""feature_key"": ""first_person_rate"", ""self_selected_label"": ""YES"", ""self_valid_choice"": 1.0, ""self_correct"": 0.0, ""self_actual_present"": 0.0, ""self_selected_prob"": 0.6451199054718018, ""self_actual_feature_value"": 0.0, ""other_selected_label"": ""YES"", ""other_valid_choice"": 1.0, ""other_correct"": 0.0, ""other_actual_present"": 0.0, ""other_selected_prob"": 0.6885731220245361, ""other_actual_feature_value"": 0.0, ""actual_gap"": 0.0, ""predicted_gap"": 0.0, ""actual_gap_label"": ""TIE"", ""predicted_gap_label"": ""TIE"", ""gap_correct"": NaN, ""self_completion_text"": ""YES"", ""other_completion_text"": ""YES"", ""self_details"": {""raw_logit_scores"": {""YES"": 1078.891845703125, ""NO"": 1077.806884765625}, ""label_bias_scores"": {""YES"": 1077.2777099609375, ""NO"": 1076.7904052734375}, ""corrected_scores"": {""YES"": 1.6141357421875, ""NO"": 1.0164794921875}, ""scoring_mode"": ""bias_corrected_choice_logits"", ""selected_short_label"": ""YES""}, ""other_details"": {""raw_logit_scores"": {""YES"": 1079.34912109375, ""NO"": 1078.068359375}, ""label_bias_scores"": {""YES"": 1077.2777099609375, ""NO"": 1076.7904052734375}, ""corrected_scores"": {""YES"": 2.0714111328125, ""NO"": 1.2779541015625}, ""scoring_mode"": ""bias_corrected_choice_logits"", ""selected_short_label"": ""YES""}}, ""DIRECTIVE"": {""feature_name"": ""DIRECTIVE"", ""feature_key"": ""directive_rate"", ""self_selected_label"": ""YES"", ""self_valid_choice"": 1.0, ""self_correct"": 0.0, ""self_actual_present"": 0.0, ""self_selected_prob"": 0.6266669631004333, ""self_actual_feature_value"": 0.0, ""other_selected_label"": ""YES"", ""other_valid_choice"": 1.0, ""other_correct"": 0.0, ""other_actual_present"": 0.0, ""other_selected_prob"": 0.6781671047210693, ""other_actual_feature_value"": 0.0, ""actual_gap"": 0.0, ""predicted_gap"": 0.0, ""actual_gap_label"": ""TIE"", ""predicted_gap_label"": ""TIE"", ""gap_correct"": NaN, ""self_completion_text"": ""YES"", ""other_completion_text"": ""YES"", ""self_details"": {""raw_logit_scores"": {""YES"": 1078.755126953125, ""NO"": 1077.7498779296875}, ""label_bias_scores"": {""YES"": 1077.2777099609375, ""NO"": 1076.7904052734375}, ""corrected_scores"": {""YES"": 1.4774169921875, ""NO"": 0.95947265625}, ""scoring_mode"": ""bias_corrected_choice_logits"", ""selected_short_label"": ""YES""}, ""other_details"": {""raw_logit_scores"": {""YES"": 1078.9591064453125, ""NO"": 1077.7264404296875}, ""label_bias_scores"": {""YES"": 1077.2777099609375, ""NO"": 1076.7904052734375}, ""corrected_scores"": {""YES"": 1.681396484375, ""NO"": 0.93603515625}, ""scoring_mode"": ""bias_corrected_choice_logits"", ""selected_short_label"": ""YES""}}}","{""avg_sentence_length"": 8.0, ""hedge_density"": 0.0, ""first_person_rate"": 0.0, ""directive_rate"": 0.0, ""rhetorical_question_rate"": 0.0, ""lexical_diversity"": 0.875, ""modal_verb_rate"": 0.0, ""punctuation_intensity"": 0.0975609756097561, ""type_token_ratio"": 0.875, ""mtld"": 8.0}","{""avg_sentence_length"": 21.0, ""hedge_density"": 0.0, ""first_person_rate"": 0.0, ""directive_rate"": 0.0, ""rhetorical_question_rate"": 0.0, ""lexical_diversity"": 0.9047619047619048, ""modal_verb_rate"": 0.047619047619047616, ""punctuation_intensity"": 0.016, ""type_token_ratio"": 0.9047619047619048, ""mtld"": 21.0}","An e-mail, email, name, or email address.","The team is developing an automated system, and it is perfect for any scenario, and will eventually become a recurring theme."
11,EleutherAI/pythia-70m,pythia,70m,family_self,same_weights_other_chat,the exact same model weights answering the same question in a different chat with no access to this conversation,med_01,triage,"A research tool rollout confused users, and the support inbox is filling with contradictory complaints. What should the team do in the next twenty-four hours?",0.25,0.25,,1.0,0.0,0.0,0,0.0,"{""ELABORATE"": {""feature_name"": ""ELABORATE"", ""feature_key"": ""avg_sentence_length"", ""self_selected_label"": ""YES"", ""self_valid_choice"": 1.0, ""self_correct"": 1.0, ""self_actual_present"": 1.0, ""self_selected_prob"": 0.6641319990158081, ""self_actual_feature_value"": 20.0, ""other_selected_label"": ""YES"", ""other_valid_choice"": 1.0, ""other_correct"": 1.0, ""other_actual_present"": 1.0, ""other_selected_prob"": 0.710427463054657, ""other_actual_feature_value"": 26.0, ""actual_gap"": 0.0, ""predicted_gap"": 0.0, ""actual_gap_label"": ""TIE"", ""predicted_gap_label"": ""TIE"", ""gap_correct"": NaN, ""self_completion_text"": ""YES"", ""other_completion_text"": ""YES"", ""self_details"": {""raw_logit_scores"": {""YES"": 1079.1734619140625, ""NO"": 1078.004150390625}, ""label_bias_scores"": {""YES"": 1077.27734375, ""NO"": 1076.789794921875}, ""corrected_scores"": {""YES"": 1.8961181640625, ""NO"": 1.21435546875}, ""scoring_mode"": ""bias_corrected_choice_logits"", ""selected_short_label"": ""YES""}, ""other_details"": {""raw_logit_scores"": {""YES"": 1079.45068359375, ""NO"": 1078.065673828125}, ""label_bias_scores"": {""YES"": 1077.27734375, ""NO"": 1076.789794921875}, ""corrected_scores"": {""YES"": 2.17333984375, ""NO"": 1.27587890625}, ""scoring_mode"": ""bias_corrected_choice_logits"", ""selected_short_label"": ""YES""}}, ""HEDGE"": {""feature_name"": ""HEDGE"", ""feature_key"": ""hedge_density"", ""self_selected_label"": ""YES"", ""self_valid_choice"": 1.0, ""self_correct"": 0.0, ""self_actual_present"": 0.0, ""self_selected_prob"": 0.6900632977485657, ""self_actual_feature_value"": 0.0, ""other_selected_label"": ""YES"", ""other_valid_choice"": 1.0, ""other_correct"": 0.0, ""other_actual_present"": 0.0, ""other_selected_prob"": 0.7284103631973267, ""other_actual_feature_value"": 0.0, ""actual_gap"": 0.0, ""predicted_gap"": 0.0, ""actual_gap_label"": ""TIE"", ""predicted_gap_label"": ""TIE"", ""gap_correct"": NaN, ""self_completion_text"": ""YES"", ""other_completion_text"": ""YES"", ""self_details"": {""raw_logit_scores"": {""YES"": 1079.364990234375, ""NO"": 1078.0770263671875}, ""label_bias_scores"": {""YES"": 1077.27734375, ""NO"": 1076.789794921875}, ""corrected_scores"": {""YES"": 2.087646484375, ""NO"": 1.2872314453125}, ""scoring_mode"": ""bias_corrected_choice_logits"", ""selected_short_label"": ""YES""}, ""other_details"": {""raw_logit_scores"": {""YES"": 1079.5283203125, ""NO"": 1078.05419921875}, ""label_bias_scores"": {""YES"": 1077.27734375, ""NO"": 1076.789794921875}, ""corrected_scores"": {""YES"": 2.2509765625, ""NO"": 1.264404296875}, ""scoring_mode"": ""bias_corrected_choice_logits"", ""selected_short_label"": ""YES""}}, ""FIRST_PERSON"": {""feature_name"": ""FIRST_PERSON"", ""feature_key"": ""first_person_rate"", ""self_selected_label"": ""YES"", ""self_valid_choice"": 1.0, ""self_correct"": 0.0, ""self_actual_present"": 0.0, ""self_selected_prob"": 0.6977376341819763, ""self_actual_feature_value"": 0.0, ""other_selected_label"": ""YES"", ""other_valid_choice"": 1.0, ""other_correct"": 0.0, ""other_actual_present"": 0.0, ""other_selected_prob"": 0.7301215529441833, ""other_actual_feature_value"": 0.0, ""actual_gap"": 0.0, ""predicted_gap"": 0.0, ""actual_gap_label"": ""TIE"", ""predicted_gap_label"": ""TIE"", ""gap_correct"": NaN, ""self_completion_text"": ""YES"", ""other_completion_text"": ""YES"", ""self_details"": {""raw_logit_scores"": {""YES"": 1079.38232421875, ""NO"": 1078.0582275390625}, ""label_bias_scores"": {""YES"": 1077.27734375, ""NO"": 1076.789794921875}, ""corrected_scores"": {""YES"": 2.10498046875, ""NO"": 1.2684326171875}, ""scoring_mode"": ""bias_corrected_choice_logits"", ""selected_short_label"": ""YES""}, ""other_details"": {""raw_logit_scores"": {""YES"": 1079.546142578125, ""NO"": 1078.0633544921875}, ""label_bias_scores"": {""YES"": 1077.27734375, ""NO"": 1076.789794921875}, ""corrected_scores"": {""YES"": 2.268798828125, ""NO"": 1.2735595703125}, ""scoring_mode"": ""bias_corrected_choice_logits"", ""selected_short_label"": ""YES""}}, ""DIRECTIVE"": {""feature_name"": ""DIRECTIVE"", ""feature_key"": ""directive_rate"", ""self_selected_label"": ""YES"", ""self_valid_choice"": 1.0, ""self_correct"": 0.0, ""self_actual_present"": 0.0, ""self_selected_prob"": 0.6717666983604431, ""self_actual_feature_value"": 0.0, ""other_selected_label"": ""YES"", ""other_valid_choice"": 1.0, ""other_correct"": 0.0, ""other_actual_present"": 0.0, ""other_selected_prob"": 0.7223801612854004, ""other_actual_feature_value"": 0.0, ""actual_gap"": 0.0, ""predicted_gap"": 0.0, ""actual_gap_label"": ""TIE"", ""predicted_gap_label"": ""TIE"", ""gap_correct"": NaN, ""self_completion_text"": ""YES"", ""other_completion_text"": ""YES"", ""self_details"": {""raw_logit_scores"": {""YES"": 1079.13232421875, ""NO"": 1077.9285888671875}, ""label_bias_scores"": {""YES"": 1077.27734375, ""NO"": 1076.789794921875}, ""corrected_scores"": {""YES"": 1.85498046875, ""NO"": 1.1387939453125}, ""scoring_mode"": ""bias_corrected_choice_logits"", ""selected_short_label"": ""YES""}, ""other_details"": {""raw_logit_scores"": {""YES"": 1079.5323486328125, ""NO"": 1078.0885009765625}, ""label_bias_scores"": {""YES"": 1077.27734375, ""NO"": 1076.789794921875}, ""corrected_scores"": {""YES"": 2.2550048828125, ""NO"": 1.2987060546875}, ""scoring_mode"": ""bias_corrected_choice_logits"", ""selected_short_label"": ""YES""}}}","{""avg_sentence_length"": 20.0, ""hedge_density"": 0.0, ""first_person_rate"": 0.0, ""directive_rate"": 0.0, ""rhetorical_question_rate"": 0.0, ""lexical_diversity"": 0.95, ""modal_verb_rate"": 0.0, ""punctuation_intensity"": 0.018867924528301886, ""type_token_ratio"": 0.95, ""mtld"": 20.0}","{""avg_sentence_length"": 26.0, ""hedge_density"": 0.0, ""first_person_rate"": 0.0, ""directive_rate"": 0.0, ""rhetorical_question_rate"": 0.0, ""lexical_diversity"": 0.7692307692307693, ""modal_verb_rate"": 0.0, ""punctuation_intensity"": 0.006756756756756757, ""type_token_ratio"": 0.7692307692307693, ""mtld"": 26.0}","The data are now gathered as part of a multi-level research project, and the team is ready to collaborate.","The team is developing an automated approach to the task of sorting through the data, and thus eventually linking it to the next generation of data."
11,EleutherAI/pythia-70m,pythia,70m,family_self,same_weights_other_chat,the exact same model weights answering the same question in a different chat with no access to this conversation,med_02,triage,A small archive digitization effort keeps losing track of versioned files and naming conventions. What should the team fix first?,0.0,0.25,1.0,1.0,0.0,0.25,1,0.0,"{""ELABORATE"": {""feature_name"": ""ELABORATE"", ""feature_key"": ""avg_sentence_length"", ""self_selected_label"": ""YES"", ""self_valid_choice"": 1.0, ""self_correct"": 0.0, ""self_actual_present"": 0.0, ""self_selected_prob"": 0.632729709148407, ""self_actual_feature_value"": 7.0, ""other_selected_label"": ""YES"", ""other_valid_choice"": 1.0, ""other_correct"": 1.0, ""other_actual_present"": 1.0, ""other_selected_prob"": 0.6800026297569275, ""other_actual_feature_value"": 21.0, ""actual_gap"": 1.0, ""predicted_gap"": 0.0, ""actual_gap_label"": ""OTHER"", ""predicted_gap_label"": ""OTHER"", ""gap_correct"": 1.0, ""self_completion_text"": ""YES"", ""other_completion_text"": ""YES"", ""self_details"": {""raw_logit_scores"": {""YES"": 1079.0718994140625, ""NO"": 1078.04052734375}, ""label_bias_scores"": {""YES"": 1077.27734375, ""NO"": 1076.7899169921875}, ""corrected_scores"": {""YES"": 1.7945556640625, ""NO"": 1.2506103515625}, ""scoring_mode"": ""bias_corrected_choice_logits"", ""selected_short_label"": ""YES""}, ""other_details"": {""raw_logit_scores"": {""YES"": 1079.38525390625, ""NO"": 1078.1439208984375}, ""label_bias_scores"": {""YES"": 1077.2777099609375, ""NO"": 1076.7901611328125}, ""corrected_scores"": {""YES"": 2.1075439453125, ""NO"": 1.353759765625}, ""scoring_mode"": ""bias_corrected_choice_logits"", ""selected_short_label"": ""YES""}}, ""HEDGE"": {""feature_name"": ""HEDGE"", ""feature_key"": ""hedge_density"", ""self_selected_label"": ""YES"", ""self_valid_choice"": 1.0, ""self_correct"": 0.0, ""self_actual_present"": 0.0, ""self_selected_prob"": 0.6444488763809204, ""self_actual_feature_value"": 0.0, ""other_selected_label"": ""YES"", ""other_valid_choice"": 1.0, ""other_correct"": 0.0, ""other_actual_present"": 0.0, ""other_selected_prob"": 0.6842376589775085, ""other_actual_feature_value"": 0.0, ""actual_gap"": 0.0, ""predicted_gap"": 0.0, ""actual_gap_label"": ""TIE"", ""predicted_gap_label"": ""TIE"", ""gap_correct"": NaN, ""self_completion_text"": ""YES"", ""other_completion_text"": ""YES"", ""self_details"": {""raw_logit_scores"": {""YES"": 1079.154296875, ""NO"": 1078.0721435546875}, ""label_bias_scores"": {""YES"": 1077.27734375, ""NO"": 1076.7899169921875}, ""corrected_scores"": {""YES"": 1.876953125, ""NO"": 1.2822265625}, ""scoring_mode"": ""bias_corrected_choice_logits"", ""selected_short_label"": ""YES""}, ""other_details"": {""raw_logit_scores"": {""YES"": 1079.4915771484375, ""NO"": 1078.230712890625}, ""label_bias_scores"": {""YES"": 1077.2777099609375, ""NO"": 1076.7901611328125}, ""corrected_scores"": {""YES"": 2.2138671875, ""NO"": 1.4405517578125}, ""scoring_mode"": ""bias_corrected_choice_logits"", ""selected_short_label"": ""YES""}}, ""FIRST_PERSON"": {""feature_name"": ""FIRST_PERSON"", ""feature_key"": ""first_person_rate"", ""self_selected_label"": ""YES"", ""self_valid_choice"": 1.0, ""self_correct"": 0.0, ""self_actual_present"": 0.0, ""self_selected_prob"": 0.6516874432563782, ""self_actual_feature_value"": 0.0, ""other_selected_label"": ""YES"", ""other_valid_choice"": 1.0, ""other_correct"": 0.0, ""other_actual_present"": 0.0, ""other_selected_prob"": 0.6905329823493958, ""other_actual_feature_value"": 0.0, ""actual_gap"": 0.0, ""predicted_gap"": 0.0, ""actual_gap_label"": ""TIE"", ""predicted_gap_label"": ""TIE"", ""gap_correct"": NaN, ""self_completion_text"": ""YES"", ""other_completion_text"": ""YES"", ""self_details"": {""raw_logit_scores"": {""YES"": 1079.1488037109375, ""NO"": 1078.034912109375}, ""label_bias_scores"": {""YES"": 1077.27734375, ""NO"": 1076.7899169921875}, ""corrected_scores"": {""YES"": 1.8714599609375, ""NO"": 1.2449951171875}, ""scoring_mode"": ""bias_corrected_choice_logits"", ""selected_short_label"": ""YES""}, ""other_details"": {""raw_logit_scores"": {""YES"": 1079.5020751953125, ""NO"": 1078.2119140625}, ""label_bias_scores"": {""YES"": 1077.2777099609375, ""NO"": 1076.7901611328125}, ""corrected_scores"": {""YES"": 2.224365234375, ""NO"": 1.4217529296875}, ""scoring_mode"": ""bias_corrected_choice_logits"", ""selected_short_label"": ""YES""}}, ""DIRECTIVE"": {""feature_name"": ""DIRECTIVE"", ""feature_key"": ""directive_rate"", ""self_selected_label"": ""YES"", ""self_valid_choice"": 1.0, ""self_correct"": 0.0, ""self_actual_present"": 0.0, ""self_selected_prob"": 0.6395672559738159, ""self_actual_feature_value"": 0.0, ""other_selected_label"": ""YES"", ""other_valid_choice"": 1.0, ""other_correct"": 0.0, ""other_actual_present"": 0.0, ""other_selected_prob"": 0.6765130758285522, ""other_actual_feature_value"": 0.0, ""actual_gap"": 0.0, ""predicted_gap"": 0.0, ""actual_gap_label"": ""TIE"", ""predicted_gap_label"": ""TIE"", ""gap_correct"": NaN, ""self_completion_text"": ""YES"", ""other_completion_text"": ""YES"", ""self_details"": {""raw_logit_scores"": {""YES"": 1078.9892578125, ""NO"": 1077.9283447265625}, ""label_bias_scores"": {""YES"": 1077.27734375, ""NO"": 1076.7899169921875}, ""corrected_scores"": {""YES"": 1.7119140625, ""NO"": 1.138427734375}, ""scoring_mode"": ""bias_corrected_choice_logits"", ""selected_short_label"": ""YES""}, ""other_details"": {""raw_logit_scores"": {""YES"": 1079.226806640625, ""NO"": 1078.00146484375}, ""label_bias_scores"": {""YES"": 1077.2777099609375, ""NO"": 1076.7901611328125}, ""corrected_scores"": {""YES"": 1.9490966796875, ""NO"": 1.2113037109375}, ""scoring_mode"": ""bias_corrected_choice_logits"", ""selected_short_label"": ""YES""}}}","{""avg_sentence_length"": 7.0, ""hedge_density"": 0.0, ""first_person_rate"": 0.0, ""directive_rate"": 0.0, ""rhetorical_question_rate"": 0.0, ""lexical_diversity"": 1.0, ""modal_verb_rate"": 0.0, ""punctuation_intensity"": 0.03571428571428571, ""type_token_ratio"": 1.0, ""mtld"": 7.0}","{""avg_sentence_length"": 21.0, ""hedge_density"": 0.0, ""first_person_rate"": 0.0, ""directive_rate"": 0.0, ""rhetorical_question_rate"": 0.0, ""lexical_diversity"": 0.7619047619047619, ""modal_verb_rate"": 0.023809523809523808, ""punctuation_intensity"": 0.012244897959183673, ""type_token_ratio"": 0.7619047619047619, ""mtld"": 42.0}",An e-mail to the other team.,"The team is developing an automated approach to the task of sorting through a small, small database of data files and navigating through the various virtual directories.

This is the process that would be referred to as the second-to-last binary"
11,EleutherAI/pythia-70m,pythia,70m,stable_style_policy,same_weights_other_chat,the exact same model weights answering the same question in a different chat with no access to this conversation,med_01,triage,"A research tool rollout confused users, and the support inbox is filling with contradictory complaints. What should the team do in the next twenty-four hours?",0.25,0.25,,1.0,0.0,0.0,0,0.0,"{""ELABORATE"": {""feature_name"": ""ELABORATE"", ""feature_key"": ""avg_sentence_length"", ""self_selected_label"": ""YES"", ""self_valid_choice"": 1.0, ""self_correct"": 1.0, ""self_actual_present"": 1.0, ""self_selected_prob"": 0.6868428587913513, ""self_actual_feature_value"": 19.5, ""other_selected_label"": ""YES"", ""other_valid_choice"": 1.0, ""other_correct"": 1.0, ""other_actual_present"": 1.0, ""other_selected_prob"": 0.7222577929496765, ""other_actual_feature_value"": 18.5, ""actual_gap"": 0.0, ""predicted_gap"": 0.0, ""actual_gap_label"": ""TIE"", ""predicted_gap_label"": ""TIE"", ""gap_correct"": NaN, ""self_completion_text"": ""YES"", ""other_completion_text"": ""YES"", ""self_details"": {""raw_logit_scores"": {""YES"": 1079.2095947265625, ""NO"": 1077.936767578125}, ""label_bias_scores"": {""YES"": 1077.277587890625, ""NO"": 1076.7901611328125}, ""corrected_scores"": {""YES"": 1.9320068359375, ""NO"": 1.1466064453125}, ""scoring_mode"": ""bias_corrected_choice_logits"", ""selected_short_label"": ""YES""}, ""other_details"": {""raw_logit_scores"": {""YES"": 1079.430419921875, ""NO"": 1077.9873046875}, ""label_bias_scores"": {""YES"": 1077.27734375, ""NO"": 1076.7899169921875}, ""corrected_scores"": {""YES"": 2.153076171875, ""NO"": 1.1973876953125}, ""scoring_mode"": ""bias_corrected_choice_logits"", ""selected_short_label"": ""YES""}}, ""HEDGE"": {""feature_name"": ""HEDGE"", ""feature_key"": ""hedge_density"", ""self_selected_label"": ""YES"", ""self_valid_choice"": 1.0, ""self_correct"": 0.0, ""self_actual_present"": 0.0, ""self_selected_prob"": 0.7083638906478882, ""self_actual_feature_value"": 0.0, ""other_selected_label"": ""YES"", ""other_valid_choice"": 1.0, ""other_correct"": 0.0, ""other_actual_present"": 0.0, ""other_selected_prob"": 0.7409717440605164, ""other_actual_feature_value"": 0.0, ""actual_gap"": 0.0, ""predicted_gap"": 0.0, ""actual_gap_label"": ""TIE"", ""predicted_gap_label"": ""TIE"", ""gap_correct"": NaN, ""self_completion_text"": ""YES"", ""other_completion_text"": ""YES"", ""self_details"": {""raw_logit_scores"": {""YES"": 1079.435791015625, ""NO"": 1078.0609130859375}, ""label_bias_scores"": {""YES"": 1077.277587890625, ""NO"": 1076.7901611328125}, ""corrected_scores"": {""YES"": 2.158203125, ""NO"": 1.270751953125}, ""scoring_mode"": ""bias_corrected_choice_logits"", ""selected_short_label"": ""YES""}, ""other_details"": {""raw_logit_scores"": {""YES"": 1079.51513671875, ""NO"": 1077.9766845703125}, ""label_bias_scores"": {""YES"": 1077.27734375, ""NO"": 1076.7899169921875}, ""corrected_scores"": {""YES"": 2.23779296875, ""NO"": 1.186767578125}, ""scoring_mode"": ""bias_corrected_choice_logits"", ""selected_short_label"": ""YES""}}, ""FIRST_PERSON"": {""feature_name"": ""FIRST_PERSON"", ""feature_key"": ""first_person_rate"", ""self_selected_label"": ""YES"", ""self_valid_choice"": 1.0, ""self_correct"": 0.0, ""self_actual_present"": 0.0, ""self_selected_prob"": 0.7138556838035583, ""self_actual_feature_value"": 0.0, ""other_selected_label"": ""YES"", ""other_valid_choice"": 1.0, ""other_correct"": 0.0, ""other_actual_present"": 0.0, ""other_selected_prob"": 0.7408311367034912, ""other_actual_feature_value"": 0.0, ""actual_gap"": 0.0, ""predicted_gap"": 0.0, ""actual_gap_label"": ""TIE"", ""predicted_gap_label"": ""TIE"", ""gap_correct"": NaN, ""self_completion_text"": ""YES"", ""other_completion_text"": ""YES"", ""self_details"": {""raw_logit_scores"": {""YES"": 1079.460693359375, ""NO"": 1078.05908203125}, ""label_bias_scores"": {""YES"": 1077.277587890625, ""NO"": 1076.7901611328125}, ""corrected_scores"": {""YES"": 2.18310546875, ""NO"": 1.2689208984375}, ""scoring_mode"": ""bias_corrected_choice_logits"", ""selected_short_label"": ""YES""}, ""other_details"": {""raw_logit_scores"": {""YES"": 1079.5452880859375, ""NO"": 1078.007568359375}, ""label_bias_scores"": {""YES"": 1077.27734375, ""NO"": 1076.7899169921875}, ""corrected_scores"": {""YES"": 2.2679443359375, ""NO"": 1.2176513671875}, ""scoring_mode"": ""bias_corrected_choice_logits"", ""selected_short_label"": ""YES""}}, ""DIRECTIVE"": {""feature_name"": ""DIRECTIVE"", ""feature_key"": ""directive_rate"", ""self_selected_label"": ""YES"", ""self_valid_choice"": 1.0, ""self_correct"": 0.0, ""self_actual_present"": 0.0, ""self_selected_prob"": 0.6992287635803223, ""self_actual_feature_value"": 0.0, ""other_selected_label"": ""YES"", ""other_valid_choice"": 1.0, ""other_correct"": 0.0, ""other_actual_present"": 0.0, ""other_selected_prob"": 0.7400334477424622, ""other_actual_feature_value"": 0.0, ""actual_gap"": 0.0, ""predicted_gap"": 0.0, ""actual_gap_label"": ""TIE"", ""predicted_gap_label"": ""TIE"", ""gap_correct"": NaN, ""self_completion_text"": ""YES"", ""other_completion_text"": ""YES"", ""self_details"": {""raw_logit_scores"": {""YES"": 1079.181396484375, ""NO"": 1077.850341796875}, ""label_bias_scores"": {""YES"": 1077.277587890625, ""NO"": 1076.7901611328125}, ""corrected_scores"": {""YES"": 1.90380859375, ""NO"": 1.0601806640625}, ""scoring_mode"": ""bias_corrected_choice_logits"", ""selected_short_label"": ""YES""}, ""other_details"": {""raw_logit_scores"": {""YES"": 1079.4810791015625, ""NO"": 1077.947509765625}, ""label_bias_scores"": {""YES"": 1077.27734375, ""NO"": 1076.7899169921875}, ""corrected_scores"": {""YES"": 2.2037353515625, ""NO"": 1.1575927734375}, ""scoring_mode"": ""bias_corrected_choice_logits"", ""selected_short_label"": ""YES""}}}","{""avg_sentence_length"": 19.5, ""hedge_density"": 0.0, ""first_person_rate"": 0.0, ""directive_rate"": 0.0, ""rhetorical_question_rate"": 0.5, ""lexical_diversity"": 0.5897435897435898, ""modal_verb_rate"": 0.0, ""punctuation_intensity"": 0.03414634146341464, ""type_token_ratio"": 0.5897435897435898, ""mtld"": 1.7763157894736843}","{""avg_sentence_length"": 18.5, ""hedge_density"": 0.0, ""first_person_rate"": 0.0, ""directive_rate"": 0.0, ""rhetorical_question_rate"": 0.0, ""lexical_diversity"": 0.8918918918918919, ""modal_verb_rate"": 0.0, ""punctuation_intensity"": 0.013392857142857142, ""type_token_ratio"": 0.8918918918918919, ""mtld"": 37.0}","An e-mail to the team on which to answer the questions?
The team includes the writer, author, and lead author of the e-mail, with feedback from the team, and a joint letter of recommendation from the team.","The team is developing an automated approach to ensuring that users are on a critical, valid, and reliable basis.

Ford: A survey by the Agence Institute of Global Research (AgH) and the Canadian Agency for Digital Marketing"
11,EleutherAI/pythia-70m,pythia,70m,stable_style_policy,same_weights_other_chat,the exact same model weights answering the same question in a different chat with no access to this conversation,med_02,triage,A small archive digitization effort keeps losing track of versioned files and naming conventions. What should the team fix first?,0.5,0.25,0.0,1.0,0.0,0.25,1,0.0,"{""ELABORATE"": {""feature_name"": ""ELABORATE"", ""feature_key"": ""avg_sentence_length"", ""self_selected_label"": ""YES"", ""self_valid_choice"": 1.0, ""self_correct"": 1.0, ""self_actual_present"": 1.0, ""self_selected_prob"": 0.6663610935211182, ""self_actual_feature_value"": 17.0, ""other_selected_label"": ""YES"", ""other_valid_choice"": 1.0, ""other_correct"": 1.0, ""other_actual_present"": 1.0, ""other_selected_prob"": 0.7091450691223145, ""other_actual_feature_value"": 20.5, ""actual_gap"": 0.0, ""predicted_gap"": 0.0, ""actual_gap_label"": ""TIE"", ""predicted_gap_label"": ""TIE"", ""gap_correct"": NaN, ""self_completion_text"": ""YES"", ""other_completion_text"": ""YES"", ""self_details"": {""raw_logit_scores"": {""YES"": 1079.1376953125, ""NO"": 1077.958251953125}, ""label_bias_scores"": {""YES"": 1077.2777099609375, ""NO"": 1076.7900390625}, ""corrected_scores"": {""YES"": 1.8599853515625, ""NO"": 1.168212890625}, ""scoring_mode"": ""bias_corrected_choice_logits"", ""selected_short_label"": ""YES""}, ""other_details"": {""raw_logit_scores"": {""YES"": 1079.3780517578125, ""NO"": 1077.9991455078125}, ""label_bias_scores"": {""YES"": 1077.2777099609375, ""NO"": 1076.7900390625}, ""corrected_scores"": {""YES"": 2.100341796875, ""NO"": 1.2091064453125}, ""scoring_mode"": ""bias_corrected_choice_logits"", ""selected_short_label"": ""YES""}}, ""HEDGE"": {""feature_name"": ""HEDGE"", ""feature_key"": ""hedge_density"", ""self_selected_label"": ""YES"", ""self_valid_choice"": 1.0, ""self_correct"": 1.0, ""self_actual_present"": 1.0, ""self_selected_prob"": 0.6764061450958252, ""self_actual_feature_value"": 0.058823529411764705, ""other_selected_label"": ""YES"", ""other_valid_choice"": 1.0, ""other_correct"": 0.0, ""other_actual_present"": 0.0, ""other_selected_prob"": 0.7097489237785339, ""other_actual_feature_value"": 0.0, ""actual_gap"": 1.0, ""predicted_gap"": 0.0, ""actual_gap_label"": ""SELF"", ""predicted_gap_label"": ""OTHER"", ""gap_correct"": 0.0, ""self_completion_text"": ""YES"", ""other_completion_text"": ""YES"", ""self_details"": {""raw_logit_scores"": {""YES"": 1079.206298828125, ""NO"": 1077.9813232421875}, ""label_bias_scores"": {""YES"": 1077.2777099609375, ""NO"": 1076.7900390625}, ""corrected_scores"": {""YES"": 1.9285888671875, ""NO"": 1.1912841796875}, ""scoring_mode"": ""bias_corrected_choice_logits"", ""selected_short_label"": ""YES""}, ""other_details"": {""raw_logit_scores"": {""YES"": 1079.50390625, ""NO"": 1078.1220703125}, ""label_bias_scores"": {""YES"": 1077.2777099609375, ""NO"": 1076.7900390625}, ""corrected_scores"": {""YES"": 2.2261962890625, ""NO"": 1.33203125}, ""scoring_mode"": ""bias_corrected_choice_logits"", ""selected_short_label"": ""YES""}}, ""FIRST_PERSON"": {""feature_name"": ""FIRST_PERSON"", ""feature_key"": ""first_person_rate"", ""self_selected_label"": ""YES"", ""self_valid_choice"": 1.0, ""self_correct"": 0.0, ""self_actual_present"": 0.0, ""self_selected_prob"": 0.6838154792785645, ""self_actual_feature_value"": 0.0, ""other_selected_label"": ""YES"", ""other_valid_choice"": 1.0, ""other_correct"": 0.0, ""other_actual_present"": 0.0, ""other_selected_prob"": 0.7137309908866882, ""other_actual_feature_value"": 0.0, ""actual_gap"": 0.0, ""predicted_gap"": 0.0, ""actual_gap_label"": ""TIE"", ""predicted_gap_label"": ""TIE"", ""gap_correct"": NaN, ""self_completion_text"": ""YES"", ""other_completion_text"": ""YES"", ""self_details"": {""raw_logit_scores"": {""YES"": 1079.23681640625, ""NO"": 1077.977783203125}, ""label_bias_scores"": {""YES"": 1077.2777099609375, ""NO"": 1076.7900390625}, ""corrected_scores"": {""YES"": 1.9591064453125, ""NO"": 1.187744140625}, ""scoring_mode"": ""bias_corrected_choice_logits"", ""selected_short_label"": ""YES""}, ""other_details"": {""raw_logit_scores"": {""YES"": 1079.5517578125, ""NO"": 1078.1505126953125}, ""label_bias_scores"": {""YES"": 1077.2777099609375, ""NO"": 1076.7900390625}, ""corrected_scores"": {""YES"": 2.2740478515625, ""NO"": 1.3604736328125}, ""scoring_mode"": ""bias_corrected_choice_logits"", ""selected_short_label"": ""YES""}}, ""DIRECTIVE"": {""feature_name"": ""DIRECTIVE"", ""feature_key"": ""directive_rate"", ""self_selected_label"": ""YES"", ""self_valid_choice"": 1.0, ""self_correct"": 0.0, ""self_actual_present"": 0.0, ""self_selected_prob"": 0.6742113828659058, ""self_actual_feature_value"": 0.0, ""other_selected_label"": ""YES"", ""other_valid_choice"": 1.0, ""other_correct"": 0.0, ""other_actual_present"": 0.0, ""other_selected_prob"": 0.7102264761924744, ""other_actual_feature_value"": 0.0, ""actual_gap"": 0.0, ""predicted_gap"": 0.0, ""actual_gap_label"": ""TIE"", ""predicted_gap_label"": ""TIE"", ""gap_correct"": NaN, ""self_completion_text"": ""YES"", ""other_completion_text"": ""YES"", ""self_details"": {""raw_logit_scores"": {""YES"": 1079.0145263671875, ""NO"": 1077.799560546875}, ""label_bias_scores"": {""YES"": 1077.2777099609375, ""NO"": 1076.7900390625}, ""corrected_scores"": {""YES"": 1.73681640625, ""NO"": 1.009521484375}, ""scoring_mode"": ""bias_corrected_choice_logits"", ""selected_short_label"": ""YES""}, ""other_details"": {""raw_logit_scores"": {""YES"": 1079.1773681640625, ""NO"": 1077.793212890625}, ""label_bias_scores"": {""YES"": 1077.2777099609375, ""NO"": 1076.7900390625}, ""corrected_scores"": {""YES"": 1.899658203125, ""NO"": 1.003173828125}, ""scoring_mode"": ""bias_corrected_choice_logits"", ""selected_short_label"": ""YES""}}}","{""avg_sentence_length"": 17.0, ""hedge_density"": 0.058823529411764705, ""first_person_rate"": 0.0, ""directive_rate"": 0.0, ""rhetorical_question_rate"": 0.0, ""lexical_diversity"": 0.8235294117647058, ""modal_verb_rate"": 0.0, ""punctuation_intensity"": 0.05263157894736842, ""type_token_ratio"": 0.8235294117647058, ""mtld"": 17.0}","{""avg_sentence_length"": 20.5, ""hedge_density"": 0.0, ""first_person_rate"": 0.0, ""directive_rate"": 0.0, ""rhetorical_question_rate"": 0.0, ""lexical_diversity"": 0.7317073170731707, ""modal_verb_rate"": 0.0, ""punctuation_intensity"": 0.00904977375565611, ""type_token_ratio"": 0.7317073170731707, ""mtld"": 27.333333333333332}","An e-mail, email, or a small download of other file types, or a kind of C++.","The team is developing an automated system, and it is able to run a number of online/affiliate applications from the Web. They are also accessible to a number of groups of users, and the question is what the team's answer"
