pair_name,control_kind,graft_mode,token_position_label,n,prompt_count,donor_identity_fraction_mean,donor_identity_fraction_ci95_low,donor_identity_fraction_ci95_high,js_to_host_mean,js_to_host_ci95_low,js_to_host_ci95_high,js_to_donor_mean,js_to_donor_ci95_low,js_to_donor_ci95_high,text_donor_identity_fraction_mean,text_donor_identity_fraction_ci95_low,text_donor_identity_fraction_ci95_high,semantic_donor_identity_fraction_mean,semantic_donor_identity_fraction_ci95_low,semantic_donor_identity_fraction_ci95_high,recovery_fraction_mean,recovery_fraction_ci95_low,recovery_fraction_ci95_high,persistence_mean,persistence_ci95_low,persistence_ci95_high,cad_mean,cad_ci95_low,cad_ci95_high,next_token_kl_mean,next_token_kl_ci95_low,next_token_kl_ci95_high,activation_norm_deviation_mean,activation_norm_deviation_ci95_low,activation_norm_deviation_ci95_high,verbal_donor_claim_mean,verbal_donor_claim_ci95_low,verbal_donor_claim_ci95_high
later_host_young_donor,adjacent,prefix,first_prompt_token,200,8,0.04432358918985203,0.0381290685996751,0.05045713778840719,0.0004925782913414877,0.0004413202910345717,0.0005449525857220578,0.016005855775438248,0.014377677537384443,0.017647043634031433,0.17389391892039682,0.14139002879162638,0.2030443626963223,0.17602572195483007,0.14318978968423918,0.2086786101973292,0.0,0.0,0.0,1.0,1.0,1.0,630.0027157193422,562.1936709574014,696.1480484615862,0.0019951194780878723,0.0017868583838062477,0.0022095123213111945,35.254082979499366,31.184468614280924,39.32467375035747,1.0,1.0,1.0
later_host_young_donor,adjacent,prefix,last_prompt_token,200,8,0.290724648598204,0.25363062186449226,0.3306818028168098,0.006718674030398688,0.0052359030252559936,0.008367939758757074,0.010205738993827254,0.00894230481964769,0.011506339795480018,0.24675795892683688,0.20543305351706778,0.2849648982663878,0.262981921438622,0.2161122891622751,0.3044821749604404,0.004243498717542072,0.0011158810518373855,0.00839086280485435,0.995756501282458,0.9916091371951457,0.9988841189481626,63.420986320972446,56.19938090282679,70.77255148041249,0.030618107097980102,0.022713103770332966,0.03960414320659402,4.220437297218013,3.445154751871887,5.080355558815005,1.0,1.0,1.0
later_host_young_donor,adjacent,single_layer,first_prompt_token,200,8,0.019019320365929394,0.016828481114513103,0.02132963601735405,0.00018827636438800254,0.00017333638279978914,0.00020366972469855682,0.015219044466502964,0.013527432917617262,0.016873981767275836,0.18519187327341002,0.1547133667115101,0.2152198225213466,0.18421203486775917,0.15005475313540884,0.215619557084912,0.0,0.0,0.0,1.0,1.0,1.0,229.35619824051858,197.300883491531,263.89100118902326,0.0007594301893186639,0.0006985003932604741,0.0008229558027023813,0.13118086799513548,0.11109148417937104,0.15414867819298525,1.0,1.0,1.0
later_host_young_donor,adjacent,single_layer,last_prompt_token,200,8,0.20337529444908234,0.17045972639437423,0.2357888765867086,0.004291366227225808,0.003074938656705854,0.005539854622918028,0.011047196964500471,0.009772864277067127,0.012481034279917367,0.19746111278546685,0.16582495998455507,0.22724278410170792,0.21097067594749952,0.1724434280563357,0.24742179445502877,0.003475026833660506,0.0005469171133575449,0.007373038060027941,0.9965249731663394,0.9926269619399721,0.9994530828866425,26.892801158428192,23.980416367053987,30.065122689306737,0.01900315280610812,0.01307680742318189,0.025384890622055536,0.1688178762444295,0.12854015711217653,0.20884589773870538,0.99,0.975,1.0
later_host_young_donor,adjacent,suffix,first_prompt_token,200,8,0.030863375857268692,0.026620212514417093,0.035159311130772454,0.00034996729646081804,0.0003079644645176813,0.00039182609870840675,0.01572510494850576,0.01404809044045396,0.01742814189620549,0.20404945594791138,0.17048726016120602,0.23833094126843513,0.19353424488021992,0.16131478884349695,0.22780657251227346,0.0,0.0,0.0,1.0,1.0,1.0,467.80925058245657,414.0233036607504,521.3611928271949,0.0014190825482364743,0.0012470041461529037,0.0015902428359113399,47.61726459689439,43.84194190484658,50.97478954710439,0.995,0.985,1.0
later_host_young_donor,adjacent,suffix,last_prompt_token,200,8,0.5958619647603511,0.5512530954197257,0.6357281080596497,0.013179790132635389,0.011400660778431302,0.015022323731180221,0.006436732155270875,0.005538105298328446,0.007532045727013609,0.22881551878605474,0.18896155981355228,0.26529313959776746,0.22713365413130027,0.18537494753483416,0.265437676848094,0.008374045751600737,0.003762713125186177,0.014205428887362127,0.9916259542483994,0.9857945711126378,0.9962372868748139,72.04394754588604,64.76458106011152,79.57452614572644,0.05994328097047401,0.05047864073899473,0.07018406043839787,11.027723532915115,10.089540471345186,11.939441050097345,1.0,1.0,1.0
later_host_young_donor,name_only,none,first_prompt_token,8,8,0.43707811611778435,0.390253377466684,0.4821394264488918,0.15033517684787512,0.10922515816055238,0.20197095349431038,0.19136557262390852,0.14732684008777142,0.24264851410407573,0.4642352667321038,0.41765061585979935,0.5079830091998454,0.39309190257450605,0.29169445357902957,0.48018034705941387,,,,,,,,,,,,,,,,1.0,1.0,1.0
later_host_young_donor,name_only,none,last_prompt_token,8,8,0.43707811611778435,0.390253377466684,0.4821394264488918,0.15033517684787512,0.10922515816055238,0.20197095349431038,0.19136557262390852,0.14732684008777142,0.24264851410407573,0.4642352667321038,0.41765061585979935,0.5079830091998454,0.39309190257450605,0.29169445357902957,0.48018034705941387,,,,,,,,,,,,,,,,1.0,1.0,1.0
later_host_young_donor,primary,prefix,first_prompt_token,200,8,0.09576001187543895,0.08028369710171376,0.11210076541870514,0.005213107951785787,0.004363956168847835,0.0061322422690318484,0.049811136024072764,0.046679049039958044,0.053118399926228445,0.29527489698451237,0.25747480276984464,0.33259807831708843,0.26240187848902435,0.23085926984977317,0.2932189741714093,0.3982350805472779,0.3537402025356419,0.44097790016359867,0.6017649194527221,0.5590220998364014,0.646259797464358,3180.1836926442384,2865.191906556383,3477.5552724659296,0.022564636363094904,0.018703253507112095,0.026785232121161243,174.92132005044724,153.04905795104767,194.66632442795088,1.0,1.0,1.0
later_host_young_donor,primary,prefix,last_prompt_token,200,8,0.38592948796855675,0.3518622914300071,0.4204573577286964,0.03448594399211288,0.030136110893814474,0.03899639810359167,0.04382334231864661,0.0408094214781886,0.04734306426090189,0.3344212635265796,0.304440908269405,0.3611463524386593,0.30023469631783933,0.2757987046638023,0.3236697845615187,0.03614774453108785,0.024413629576779828,0.04925397825999926,0.9638522554689121,0.9507460217400009,0.9755863704232202,292.1636948132515,264.65020498377083,318.9849417451024,0.16566979973649723,0.1412067593803986,0.19100603938202765,17.923160999708344,15.497373014090524,20.351929870061575,0.97,0.945,0.99
later_host_young_donor,primary,single_layer,first_prompt_token,200,8,0.017593524024551197,0.014220035808541101,0.021212502951632604,0.0009010024595045252,0.000727672650358727,0.00109325021328641,0.05112314119935036,0.04864680991834029,0.05377640183037147,0.1861711646862203,0.1579190341644385,0.21350783484961522,0.17073241181772972,0.14396288985246156,0.19782789364417402,0.25962639569261703,0.21932879986374623,0.29822559200240367,0.7403736043073829,0.7017744079975963,0.7806712001362537,1191.6866887056829,1040.9827110449596,1349.3904141699597,0.0036762833627290094,0.002954557067110727,0.004479318771027465,0.13118086799513548,0.11109148417937104,0.15414867819298525,1.0,1.0,1.0
later_host_young_donor,primary,single_layer,last_prompt_token,200,8,0.3143700714191467,0.2803766453342465,0.35017151990599393,0.0229210358189448,0.01932837380139608,0.026650798856107938,0.040615873034112154,0.037629169874824585,0.043984563541831445,0.1991136910265955,0.17104990628506112,0.22821296846212655,0.18365245734544422,0.15598964659271747,0.2100408207032475,0.022101472035617076,0.013314397170212095,0.032188814122582024,0.9778985279643829,0.967811185877418,0.9866856028297879,108.12350164175034,97.74502750065923,118.33826630517841,0.10721196469807183,0.08851290171191066,0.1255994434060558,0.1688178762444295,0.12854015711217653,0.20884589773870538,1.0,1.0,1.0
later_host_young_donor,primary,suffix,first_prompt_token,200,8,0.03773064587286545,0.029224426607051424,0.047539273444839235,0.002052717538390425,0.0015715720625967152,0.0025829363564662342,0.05167576689273119,0.0489232613267377,0.054605185055173935,0.22072506780673462,0.18666108475811413,0.2516730173569083,0.19707876381467726,0.16710799259033432,0.22474414592163963,0.4917522846482547,0.4498119336729736,0.5280617617016473,0.5082477153517452,0.47193823829835274,0.5501880663270264,2249.694788416624,1976.830466082655,2515.133899612196,0.008710955267597456,0.0065682647737703515,0.011084096276452328,221.17037196345626,203.3095081861578,236.51422859547287,1.0,1.0,1.0
later_host_young_donor,primary,suffix,last_prompt_token,200,8,0.3848266709059007,0.3554443681522181,0.4115526279820949,0.08892202693336003,0.08048839189710179,0.0966759155031541,0.108657894320786,0.10056587903853506,0.11621698500681668,0.23953956496560744,0.20463492028597413,0.2728378866475931,0.19956119835283193,0.17073050527327793,0.22657228282758354,0.12058926343794883,0.10508968234448952,0.13686120631723747,0.879410736562051,0.8631387936827625,0.8949103176555105,273.5336156910658,244.7708409115225,300.35621945464607,0.6126568608971138,0.5481510353988996,0.6796712538357824,49.00091820597649,45.02369719669223,52.542348900347946,0.99,0.975,1.0
later_host_young_donor,random_same_norm,prefix,first_prompt_token,200,8,0.2775200600809918,0.24932135237329783,0.3053226922621429,0.03316359187396301,0.02815967312122666,0.038666256282772336,0.06304544911719859,0.058510812825057656,0.06760214671422728,0.3267628221583452,0.2929635568679801,0.3544998849885924,0.29951232204953276,0.2696616142436196,0.3254210431762776,0.22142453192059905,0.18733752279063792,0.2561451540212748,0.7785754680794009,0.7438548459787251,0.8126624772093621,2661.339248598218,2363.60115539667,2977.0282614701537,0.14492880220073856,0.12245004654858349,0.16865159705984478,132.06988364884165,115.12555022462958,148.76106003210634,0.97,0.945,0.99
later_host_young_donor,random_same_norm,prefix,last_prompt_token,200,8,0.2883439660681498,0.25775278529383433,0.3152109359071829,0.06535496140022587,0.05250888776872216,0.07855821687592196,0.09722911686170846,0.08589419334603007,0.10960674356983509,0.29968293910439364,0.2661234610686992,0.32876902776481415,0.2738680465217491,0.243182128525247,0.2997846969162872,1.9129522230579116e-05,0.0,5.738856669173735e-05,0.9999808704777695,0.9999426114333082,1.0,236.05981972932815,209.75969730973245,260.88736493426563,0.32051874164331823,0.25091372857328315,0.4002064767258998,13.76446025937097,11.805280716677489,15.995029839706142,0.99,0.975,1.0
later_host_young_donor,random_same_norm,single_layer,first_prompt_token,200,8,0.14319845224538608,0.12340377604129851,0.16399754656712068,0.012311458631957066,0.010144852692386849,0.014717611100038084,0.05559059958904981,0.05242836292181164,0.058631411583162846,0.2760541204601153,0.24364678803051584,0.3089031282582953,0.2525311375604698,0.22348707763398867,0.2806565648824249,0.19295294274383185,0.16190613613462387,0.22631623123764927,0.8070470572561681,0.7736837687623508,0.8380938638653762,1243.1829162752629,1060.7759976947755,1435.7314536798374,0.05157064136481495,0.04252293979330716,0.0614174883845626,0.13118086799513548,0.11109148417937104,0.15414867819298525,0.99,0.975,1.0
later_host_young_donor,random_same_norm,single_layer,last_prompt_token,200,8,0.25593889227290256,0.22768847173768475,0.2833448118349583,0.05704203916808183,0.04549296638086071,0.06897034063303273,0.09165270551107824,0.08106740651209839,0.10292434578854591,0.23453685507801839,0.20156891618620126,0.264303058287899,0.2085202102391021,0.1777971498352906,0.23591127760179953,0.0005533251765653924,0.0,0.001659975529696177,0.9994466748234346,0.9983400244703039,1.0,109.72560420751572,99.37533258008958,120.40171199592947,0.2794014961454377,0.21576294412056815,0.344859103975803,0.1688178762444295,0.12854015711217653,0.20884589773870538,0.995,0.985,1.0
later_host_young_donor,random_same_norm,suffix,first_prompt_token,200,8,0.1938816859441768,0.16966629636423272,0.21900491979901143,0.02465727647439053,0.01972728974515576,0.029808055988703015,0.06407008165493608,0.0602686942233704,0.06809169162297622,0.3045911970948629,0.274105371161396,0.33634790071774096,0.2946970822444668,0.2662816061624709,0.3241520137260634,0.2671724143092619,0.23201438417966977,0.29950420517000326,0.7328275856907379,0.7004957948299967,0.7679856158203302,1691.1402359950544,1466.0427779514193,1906.761475892447,0.1039247019898903,0.08344508854180822,0.12658344121985646,169.02074599452317,153.58975566008874,183.50047454199193,0.975,0.95,0.995
later_host_young_donor,random_same_norm,suffix,last_prompt_token,200,8,0.3701719186633403,0.34218552942929686,0.39376563751242716,0.1975837795186817,0.17450929347760755,0.2199097908053509,0.22398028317838908,0.2031390466336161,0.24405159710533916,0.3110824044797086,0.28116225774944936,0.34233139329779017,0.2796308092704226,0.2503704386806034,0.30873400577450355,0.0,0.0,0.0,1.0,1.0,1.0,239.2612842530012,212.84469671446087,264.4949546766579,1.15978881972449,0.9934344240643951,1.3132965727782757,42.34619846224785,38.54954814133048,46.07100692212581,0.995,0.985,1.0
later_host_young_donor,shuffled_prompt,prefix,first_prompt_token,200,8,0.21342327465465477,0.19013287977766347,0.2360653803904945,0.016912712729317717,0.014436815954984014,0.01917670018541503,0.05670784624293446,0.053227864856598896,0.060216007684590296,0.3455322966751923,0.31268002744586687,0.37464531592109024,0.3302471503613848,0.30242337559805116,0.3575485608726354,0.38070234291972727,0.33687170729715593,0.42224053749303075,0.6192976570802727,0.5777594625069692,0.6631282927028439,3224.87893052876,2901.023762434855,3522.9698311323227,0.07189107570287888,0.06129616266482117,0.08155980259923308,177.68832245060707,156.4479414146056,197.57924985442963,0.925,0.885,0.96
later_host_young_donor,shuffled_prompt,prefix,last_prompt_token,200,8,0.3823251682282056,0.3500251750057575,0.41128385033093934,0.11092727017072321,0.09852085279020048,0.12343951247308724,0.12888041867874564,0.11618724406394176,0.14256616712315007,0.3656505569796256,0.3402330228843793,0.3892841999971068,0.3082528728221758,0.2856581916783349,0.33013480084323854,0.007411502438472281,0.003916861370475751,0.011445692295059243,0.9925884975615279,0.9885543077049408,0.9960831386295242,421.32376069307327,383.51471003985404,457.72074300819634,0.6416160680780013,0.5574431453337857,0.7269951165978528,23.376910584860017,20.56006161894579,26.117910292438697,0.925,0.885,0.96
later_host_young_donor,shuffled_prompt,single_layer,first_prompt_token,200,8,0.03701261319323694,0.027278220645320754,0.04881619452097072,0.002120229922584258,0.0014611097310407786,0.002900474246562225,0.051318978387862445,0.048909132967703044,0.0538726063426584,0.23477538665649106,0.20191415454707307,0.2663249080838996,0.21651910107955824,0.18830075623045583,0.24692642802640313,0.24505721157731453,0.20525148026604328,0.28270395617066996,0.7549427884226855,0.7172960438293301,0.7947485197339568,1177.875197082758,1026.939617164992,1338.050903687127,0.008668146605923539,0.00595543744411043,0.011947259666503666,0.13118086799513548,0.11109148417937104,0.15414867819298525,0.995,0.985,1.0
later_host_young_donor,shuffled_prompt,single_layer,last_prompt_token,200,8,0.3486144267693387,0.31670189323622444,0.3788526795781582,0.07379960363505234,0.06411718718341217,0.08405941535855527,0.09729828919284046,0.08705474894656799,0.10712459786818362,0.24775543459747254,0.21984525631521398,0.27938737312607825,0.20710165714389794,0.181308707910293,0.2345093267256175,0.0030404193782786002,0.0008418156996773504,0.006028091284941222,0.9969595806217214,0.9939719087150588,0.9991581843003227,159.66927537679672,143.539086635828,176.4777450778782,0.40480190466230853,0.3389681214787779,0.47038355160387435,0.1688178762444295,0.12854015711217653,0.20884589773870538,0.995,0.985,1.0
later_host_young_donor,shuffled_prompt,suffix,first_prompt_token,200,8,0.056878838875808,0.04375671955969493,0.0704031323630377,0.003312487679431797,0.002494698491918825,0.004175600924852915,0.05187810514122248,0.04913025817135349,0.05485754692158661,0.25451887788509253,0.22137819761995345,0.2853751180861255,0.24430392994955866,0.21313010703827331,0.2734465552989743,0.48034330185461505,0.4400705694169665,0.5150125570842218,0.5196566981453848,0.4849874429157782,0.5599294305830336,2262.4980846202375,1989.5883648130746,2525.4609966428134,0.013947619008395123,0.01045712917826313,0.01764542369522678,221.74202822871507,204.21756002618372,237.1999066714458,1.0,1.0,1.0
later_host_young_donor,shuffled_prompt,suffix,last_prompt_token,200,8,0.3555284856232217,0.3304668644139089,0.3783703720000346,0.13778162260838145,0.12394180659814173,0.1510097516850792,0.1794391137547791,0.16564215106423943,0.19317094025807455,0.29394339947189246,0.26409926764359926,0.32386637257117235,0.2426361011892962,0.21623417553303728,0.2677398215285814,0.03299099780516146,0.02592458877166378,0.039684735106591096,0.9670090021948385,0.9603152648934089,0.9740754112283362,337.64052291572096,300.70561762011056,372.15606906612214,1.2646570977808733,1.1118262843461197,1.4180176158286375,55.271167534589765,50.62235913453996,59.23446227027476,0.965,0.935,0.9851249999999999
later_host_young_donor,very_early,prefix,first_prompt_token,200,8,0.31153541849590943,0.2777958949928333,0.34339642929669323,0.15523496692250774,0.13179037159366816,0.1792709147741034,0.18666672359220685,0.1696855155720841,0.2041154422473628,0.36645499567768824,0.3371180266772039,0.39413037369106607,0.3825385457047447,0.3552808530214842,0.4067375521328421,0.5728664030021503,0.5130304883846398,0.6306723567812921,0.4271335969978496,0.3693276432187079,0.48696951161536023,9135.641299074292,8130.983563375384,10111.97730212468,0.9102052461869607,0.7668160458208149,1.0541453942917396,539.3285873098066,478.4197899199899,598.5311458130215,0.93,0.894875,0.96
later_host_young_donor,very_early,prefix,last_prompt_token,200,8,0.3603767413208206,0.3240641306064544,0.3962884525479126,0.11312753429119767,0.09205822346527111,0.13641639723603657,0.12916267553344368,0.11156873380066827,0.14622009678091855,0.36055186203628525,0.3311679133663004,0.38896754443266035,0.3799689056430702,0.3532780874718679,0.4026337161338947,0.08620301963747026,0.0598468675174635,0.11466418878579508,0.9137969803625297,0.885335811214205,0.9401531324825365,751.9316212964058,596.2761112735868,915.3813021027446,0.6572199376120988,0.5246832631243414,0.8030713896402049,37.509748972349335,29.25862570168625,46.00203850155021,0.925,0.89,0.955
later_host_young_donor,very_early,single_layer,first_prompt_token,200,8,0.11654138410203607,0.0951414583497474,0.13852395047209454,0.02542042276560096,0.018428395163223286,0.03336938618736531,0.10526905666105449,0.09901498176925816,0.11178276557824574,0.26524437142766233,0.23114443035774765,0.2963984303679231,0.2680565283322629,0.23737102976928323,0.29718089313813767,0.5213791249114335,0.4654872484497019,0.5758525191175207,0.47862087508856654,0.4241474808824794,0.5345127515502981,3145.9033940279483,2679.119319746196,3656.6043913182393,0.1352717438498803,0.09332687179349158,0.18221629349255455,0.13118086799513548,0.11109148417937104,0.15414867819298525,0.95,0.92,0.975
later_host_young_donor,very_early,single_layer,last_prompt_token,200,8,0.29711326609627053,0.2626302477786996,0.3304219711802824,0.083422264155015,0.06584489546732585,0.10131794529199487,0.11572204452008009,0.10271152383321897,0.1286374384141527,0.24648539162466637,0.21350471884037697,0.2763474470190516,0.2628260219128687,0.23356707500591864,0.29021414795408773,0.04752865730140712,0.029151266080155388,0.06751763715255635,0.9524713426985929,0.9324823628474437,0.9708487339198446,307.12214890241626,217.58086978805065,401.7899095291495,0.4426520667372097,0.34207099006974745,0.5424426959766533,0.1688178762444295,0.12854015711217653,0.20884589773870538,0.935,0.9,0.965
later_host_young_donor,very_early,suffix,first_prompt_token,200,8,0.28414995309161567,0.25353653562400275,0.3143740735217797,0.11694240111486578,0.09893999815777897,0.1345059574850538,0.1606422919407487,0.14826792078604922,0.17301727042812853,0.35421008538748994,0.32310203144042493,0.37971821812236417,0.37774933618522966,0.35120912770157914,0.40367075889802373,0.7060468914557518,0.6545529802966856,0.7508140478282505,0.2939531085442482,0.24918595217174938,0.3454470197033143,6329.313033922911,5538.339922901414,7097.453177981488,0.6678828138775134,0.5566225652948524,0.7750104224266834,474.8538905257732,437.63886544995756,507.82433815701864,0.95,0.92,0.975
later_host_young_donor,very_early,suffix,last_prompt_token,200,8,0.4599931034670004,0.42660085287561955,0.4899377553954853,0.17812446450181596,0.15954215051010034,0.1972055076928045,0.15536657163873316,0.1420067573725246,0.16943029823014513,0.3207880019633497,0.2871637950272464,0.3531027580919945,0.32303571549471455,0.29355610268134097,0.350994769137518,0.13699080097787847,0.0982216868967412,0.17503314932412284,0.8630091990221216,0.8249668506758772,0.9017783131032587,556.3706173866988,441.1214672610313,677.304326215744,0.9492724672199984,0.8408766493424918,1.0627350804411326,92.31172617316246,75.84712676708399,109.38902568095922,0.955,0.925,0.98
young_host_later_donor,adjacent,prefix,first_prompt_token,200,8,0.041424762448254396,0.03522635060662548,0.04845273052058214,0.0006707761268040712,0.0005718867859870613,0.0007706895581520001,0.01829578206408769,0.017401625597150996,0.019168849442503414,0.08888236930693147,0.05625190178831813,0.1250266108527257,0.07044469934598777,0.04507515363556593,0.09614893971453796,0.21568981994569916,0.19382154521305017,0.24114592709070232,0.7843101800543009,0.7588540729092976,0.8061784547869499,484.8556690943241,436.56989196643235,530.3545669391751,0.0026864663710489366,0.0022884393105777577,0.003085523482691144,25.556427668109535,22.840962261021602,28.09465074767312,0.125,0.08,0.17
young_host_later_donor,adjacent,prefix,last_prompt_token,200,8,0.3040652705943716,0.2616321237659795,0.34527928230479044,0.005456100078568511,0.004584204930765495,0.0063549051900986765,0.012217122985748573,0.011222605833492707,0.013320182818453758,0.14512729169803718,0.10725838869841788,0.18459149122820798,0.13617569546546252,0.10304917305329912,0.1710052546940452,0.32059680724860506,0.3057671317946324,0.3356414027079174,0.679403192751395,0.6643585972920825,0.6942328682053677,118.25212224423885,106.10809125351906,129.70024343971906,0.023093618480813802,0.01930072372545095,0.027131558723409853,6.796107799764723,5.958910776388947,7.6184366127196705,0.16,0.11,0.21
young_host_later_donor,adjacent,single_layer,first_prompt_token,200,8,0.005652128947949495,0.0038269361880080275,0.008110611344814474,8.387853158694724e-05,5.903471623226153e-05,0.00011529945373271744,0.017426023236475886,0.016532351524336263,0.01830550557083916,0.05538664305357962,0.029224834628996776,0.08485750898615342,0.04222649511804739,0.02433679169435156,0.06166815925856273,0.17702689420651418,0.15504712760933034,0.20229619476410804,0.8229731057934857,0.7977038052358919,0.8449528723906696,171.443463165164,149.92660793814065,193.81984843589365,0.00033486700772073164,0.00023615698077031767,0.00045962290722701484,0.22157646007835866,0.18256592293176802,0.2655310141572263,0.125,0.08,0.17
young_host_later_donor,adjacent,single_layer,last_prompt_token,200,8,0.18683378221035035,0.1542649275677598,0.2226937286731418,0.0030118970109521115,0.0023773301667591082,0.0036970600988767755,0.013071957835927605,0.012119483867951204,0.014076929265138462,0.06193800985386441,0.040323236324441486,0.08836612512344857,0.07657353112914562,0.05300964728410804,0.10464944231627421,0.3223481993744312,0.3071075591729995,0.3373484967603365,0.6776518006255688,0.6626515032396635,0.6928924408270005,43.49178863547743,38.67852783976309,48.34178226608969,0.012618394214657656,0.009896319119809392,0.015542832791426747,0.05062273470684886,0.04710150163713842,0.0542758809303632,0.125,0.08,0.17
young_host_later_donor,adjacent,suffix,first_prompt_token,200,8,0.009881822971485675,0.007279649302620703,0.012755329804161933,0.00015386730906641333,0.00011342140450224746,0.00020007501348007393,0.017573366076685488,0.016658800564706325,0.018472216630587353,0.07016203695415191,0.03836209901362345,0.10401124876458487,0.05859543841541193,0.03739627384475168,0.08107752815109617,0.2584031116104152,0.2364507683061786,0.2814305765152738,0.7415968883895849,0.7185694234847262,0.7635492316938214,311.7314831439406,273.6589058714882,349.2016283476967,0.0006179052200718615,0.0004537744240489587,0.0008065761412755705,30.984377987608312,28.587256559694186,33.15618964723311,0.135,0.085,0.18
young_host_later_donor,adjacent,suffix,last_prompt_token,200,8,0.5756906000824561,0.5316525500790403,0.6135875077705862,0.011653913825699079,0.010533272661746224,0.012663466543426894,0.0073983973555732515,0.006645487357891397,0.008157132455264218,0.07485583704672974,0.04484013795470035,0.10432348004363383,0.07339026311330901,0.04844236529830443,0.09926690876658634,0.24867555920158366,0.2314247903975469,0.26580623326915065,0.7513244407984163,0.7341937667308496,0.7685752096024531,97.86349255032837,87.0076998795271,108.05338557756599,0.04778162992584612,0.04316075572367942,0.05192772270510352,15.073309514373541,13.837664743036033,16.141638404324652,0.125,0.08,0.17
young_host_later_donor,name_only,none,first_prompt_token,8,8,0.5630707554085889,0.5005347950721171,0.6281140298010394,0.13638191390782595,0.09685370200313628,0.18153011864051222,0.10903582908213139,0.07123939087614417,0.15526054319925606,0.5216814128509077,0.48759143399046945,0.562300508218826,0.6018118400777044,0.5357793096981037,0.6825435792541172,,,,,,,,,,,,,,,,0.125,0.0,0.375
young_host_later_donor,name_only,none,last_prompt_token,8,8,0.5630707554085889,0.5005347950721171,0.6281140298010394,0.13638191390782595,0.09685370200313628,0.18153011864051222,0.10903582908213139,0.07123939087614417,0.15526054319925606,0.5216814128509077,0.48759143399046945,0.562300508218826,0.6018118400777044,0.5357793096981037,0.6825435792541172,,,,,,,,,,,,,,,,0.125,0.0,0.375
young_host_later_donor,primary,prefix,first_prompt_token,200,8,0.05473535511621396,0.04612134901935538,0.063544303181596,0.004317798203497318,0.003496248960159946,0.00516816978808123,0.05772894948720932,0.05363218544330448,0.0619561989470385,0.2582178280126037,0.21333294756752327,0.3011612237444979,0.2275794739925921,0.18765328929683608,0.2619952659242366,0.5911814256287674,0.5505595830393861,0.6286554457372079,0.4088185743712326,0.3713445542627921,0.4494404169606138,3033.684238353968,2695.665078359842,3353.7832686672805,0.017183753153619818,0.013921285917599563,0.020517844172711363,176.08326313413679,154.49745871110773,195.7004381000751,0.135,0.09,0.185
young_host_later_donor,primary,prefix,last_prompt_token,200,8,0.33194660991190317,0.2990321563300342,0.3648137463217514,0.04596885425545736,0.03943684107334664,0.05248044391919129,0.07006290494464337,0.06156812126585282,0.07924750719708391,0.2542010764582965,0.2155395105897199,0.2911442124553871,0.23671035996585985,0.20044308281920784,0.272958261178498,0.3356027503921269,0.31961324002443386,0.3503503158300062,0.664397249607873,0.6496496841699938,0.6803867599755662,354.85242803037164,321.8826526134163,386.1222490295619,0.2194099796414571,0.18576651245380565,0.25451821423031246,21.798992074187844,18.389797033383743,25.272384469407726,0.125,0.08,0.17
young_host_later_donor,primary,single_layer,first_prompt_token,200,8,0.009450134414318509,0.006987312606857707,0.012711150694763527,0.0006236631352845734,0.00042953379102878843,0.0008724712654940845,0.05306273724883795,0.050114444190170616,0.05634885605610907,0.13952950448628784,0.10159055569635987,0.18048326655936547,0.11009051335752808,0.0817019202495581,0.13913784633073167,0.5400043600606835,0.5055467435894849,0.5739081874127203,0.45999563993931647,0.42609181258727974,0.4944532564105151,1073.1727914351225,919.9065735794976,1234.6562871934696,0.002487761339414192,0.0017171073708017275,0.003454681132097846,0.22157646007835866,0.18256592293176802,0.2655310141572263,0.14,0.09,0.19
young_host_later_donor,primary,single_layer,last_prompt_token,200,8,0.21807022285928807,0.18577151828615193,0.24817781040493012,0.023910242408724684,0.01895587933890894,0.029613980138615405,0.05799935954622924,0.05123479768959806,0.06610632349131629,0.1491751847222071,0.11715160110018415,0.1861653864965078,0.1593376768331354,0.12758849787583706,0.19489073354095393,0.3469791280250263,0.3307073313039307,0.3624254741375932,0.6530208719749737,0.6375745258624069,0.6692926686960693,130.3030642130226,115.89226396894082,145.38362459738926,0.11295505251760687,0.08727862605897076,0.14211236457530044,0.05062273470684886,0.04710150163713842,0.0542758809303632,0.125,0.08,0.17
young_host_later_donor,primary,suffix,first_prompt_token,200,8,0.01696821335760674,0.013711578775270256,0.020463607401322012,0.0011537696562123757,0.0008507886583914371,0.0015227592256604368,0.0534163036942482,0.050356443192344155,0.056796409883536396,0.1990492202582871,0.15782805373236072,0.24186124925079167,0.16884858015414392,0.13594246524328613,0.20208136115954026,0.6655246315940857,0.6355617749659099,0.695605245464446,0.3344753684059142,0.3043947545355539,0.3644382250340902,2226.4556192580612,1953.0138230760208,2492.2039762219974,0.00459992815416399,0.0033890832721310176,0.006069642499426038,212.68513567708433,195.76500851225668,227.39001402308233,0.13,0.085,0.175
young_host_later_donor,primary,suffix,last_prompt_token,200,8,0.4540338318242597,0.41927652785377584,0.4840775821764512,0.06827231858316338,0.06120552732337161,0.07537422952590592,0.06053214685060084,0.05605543238273822,0.06544020889443344,0.19320354996597686,0.15966280151131163,0.2248162194683863,0.18672925914429683,0.15166969204970093,0.2189825608664098,0.4551664488071881,0.43341348357386045,0.47650226310799115,0.5448335511928118,0.5234977368920087,0.5665865164261396,325.0977616614848,290.7632720430726,357.32413953132277,0.3233744924168764,0.2885285854331641,0.3573299725817156,51.469817836135626,47.22086052627117,55.20150954339094,0.115,0.075,0.16
young_host_later_donor,random_same_norm,prefix,first_prompt_token,200,8,0.1494682975223575,0.12781045255334345,0.16965332599281324,0.014979774376457158,0.011893810176328089,0.01850062927016133,0.061415275009348985,0.05693727857200429,0.06623516977508552,0.28434724492231656,0.24820988035585717,0.3243556438031465,0.24920326649437632,0.21872722473276118,0.28360270252831343,0.43871424740279663,0.40473139625210325,0.4718072495702946,0.5612857525972035,0.5281927504297054,0.5952686037478967,2295.0114065134526,2021.0934343707859,2574.9259073165654,0.06274260178524628,0.04911691807886404,0.07820455152210541,131.0344472757727,114.32021258487693,147.6676476771841,0.145,0.1,0.195
young_host_later_donor,random_same_norm,prefix,last_prompt_token,200,8,0.1456824983566495,0.12585176345607205,0.1671750007939149,0.015653898936703284,0.012465025033812608,0.019239057249452997,0.062358441082760695,0.058034626089036465,0.06698814920056612,0.17056665781936722,0.12962923821771563,0.2073720480642421,0.1456655752204996,0.10873813026152218,0.17710736183724432,0.3318553161274898,0.31721558720714904,0.34594269201578964,0.6681446838725102,0.6540573079842105,0.682784412792851,225.27843881070615,200.80644302192331,249.40080127248166,0.06675909893554262,0.05237810746707015,0.08287636007654697,13.514944271501154,11.680193773113423,15.602058206605724,0.115,0.07,0.16
young_host_later_donor,random_same_norm,single_layer,first_prompt_token,200,8,0.06405520767375221,0.05358512264294841,0.07573416127274799,0.004724436204283506,0.003714628682832938,0.005893244367352381,0.05479167831130326,0.051789434525184336,0.05779628874338232,0.19987561871090087,0.1651509032865606,0.23507436418800393,0.18402994546049237,0.15265468840861604,0.2134647660879749,0.39764102782639044,0.3593306772810111,0.43308031317806545,0.6023589721736095,0.5669196868219344,0.6406693227189889,1065.6996834105253,920.9368850307167,1217.7326419810206,0.019255922229747285,0.01505615233569131,0.023951785431736938,0.22157646007835866,0.18256592293176802,0.2655310141572263,0.14,0.095,0.19
young_host_later_donor,random_same_norm,single_layer,last_prompt_token,200,8,0.13045465661599398,0.11272058091976783,0.15007494878373356,0.015054542420744497,0.011526131630651604,0.019026724054010073,0.06401413584128023,0.05879329801374115,0.06928480094135739,0.10969365824100155,0.080826444992498,0.1375721885144971,0.11354490839608379,0.08453392729288604,0.14165962659993594,0.32743790796305455,0.3119251549974428,0.3419579668710887,0.6725620920369454,0.6580420331289113,0.6880748450025572,103.11501255057752,92.7402831406258,113.94025221403315,0.06445616847395058,0.0482083368018819,0.08293681670721276,0.05062273470684886,0.04710150163713842,0.0542758809303632,0.135,0.09,0.18
young_host_later_donor,random_same_norm,suffix,first_prompt_token,200,8,0.09820786669833677,0.08393619520332923,0.11255800573382395,0.008119494515099746,0.006554767265014661,0.009840170676950906,0.05863434884697199,0.05481121024675667,0.06314426162349991,0.2790829748845596,0.24211052187631515,0.317409741733284,0.24766680983035486,0.21457501638920817,0.27997427774368405,0.517888851916937,0.48783071927881216,0.5469496321410595,0.482111148083063,0.45305036785894054,0.5121692807211877,1660.0233471099286,1436.991291229384,1872.8241330311782,0.033013728392795656,0.026629171108519645,0.039823651909075976,169.65019903920592,154.05488051136024,184.23706014755925,0.165,0.115,0.22
young_host_later_donor,random_same_norm,suffix,last_prompt_token,200,8,0.2853044110075265,0.26014431139193783,0.3079915779729191,0.04721106544993347,0.04100918664117962,0.05284562031868594,0.08620538163930178,0.07976300211250781,0.09238709971681237,0.17969257659863153,0.1506344557345961,0.21226168119117278,0.176981782175909,0.1476346586520629,0.2101192178817029,0.29665688098406323,0.2834147039476711,0.3095933985888216,0.7033431190159368,0.6904066014111784,0.7165852960523289,211.8417174834758,186.97098473827356,236.27650159713718,0.21070230298002343,0.18372801451118467,0.23655675890040181,41.78404694780707,37.844475036088376,45.593531680811196,0.115,0.07,0.16
young_host_later_donor,shuffled_prompt,prefix,first_prompt_token,200,8,0.19793531166687703,0.17808343745409702,0.2181679262883453,0.019774444045738734,0.017068297450187106,0.022647416094594107,0.06894787202589214,0.06407233304763213,0.07350821084086784,0.3027439809427249,0.2625965733907704,0.34137165691402505,0.29889595285189297,0.2601730653975925,0.3352507627668298,0.5733869775955633,0.5319932624768695,0.6095124255150945,0.42661302240443677,0.3904875744849055,0.46800673752313054,3136.027934871912,2806.715539203018,3449.782477086067,0.07880845317991543,0.06757579306163564,0.09040733082078435,178.21862210907042,157.32719371904363,198.4240600816575,0.24,0.185,0.3
young_host_later_donor,shuffled_prompt,prefix,last_prompt_token,200,8,0.3596114534889796,0.32837146017389507,0.38825241580460385,0.11219733565214085,0.09783458296345784,0.12666959319461418,0.13824631943367421,0.12541650195978582,0.15086628837138416,0.41949963691990816,0.3792527585779968,0.4561970460892248,0.3751233494938718,0.33998781386466626,0.4075481409127969,0.2881912907087401,0.27440883326854587,0.3016625590090166,0.7118087092912598,0.6983374409909833,0.7255911667314542,521.840341886878,477.79092605344954,563.6522079149634,0.6167917578669926,0.5273650663220443,0.7015631836474794,27.794220007117836,24.12078144698008,31.385720223488516,0.145,0.1,0.19
young_host_later_donor,shuffled_prompt,single_layer,first_prompt_token,200,8,0.02369360932309502,0.016792601267669485,0.031957688924460825,0.00157790530076511,0.0010264070725311855,0.002268243118086488,0.05369412925094366,0.05080031678639352,0.05687832447886467,0.17490799918257188,0.13478833035948704,0.21551345609232037,0.14089969032255895,0.10997644612604945,0.1716186434446165,0.5417269905247313,0.5094591620298589,0.572134556432376,0.4582730094752687,0.4278654435676241,0.4905408379701411,1144.99554045856,1000.5130619422346,1304.997095242195,0.00624105797594666,0.004095525069911674,0.008954218109974418,0.22157646007835866,0.18256592293176802,0.2655310141572263,0.135,0.085,0.18012499999999987
young_host_later_donor,shuffled_prompt,single_layer,last_prompt_token,200,8,0.2701424959719182,0.2387381199988257,0.29909516929851326,0.05482423953869841,0.04457786882073853,0.06543422438909015,0.08917554927058519,0.0792684866602067,0.09910823452565819,0.20276366561034437,0.16508951859441576,0.2411180653359797,0.18613373503399533,0.15352287147788768,0.22052948775745243,0.30628409613860996,0.2921863664249885,0.3199946306841216,0.69371590386139,0.6800053693158784,0.7078136335750114,193.1852893640846,169.50678400304355,217.1150722615719,0.28640298018024396,0.22614595399043125,0.3515506633976826,0.05062273470684886,0.04710150163713842,0.0542758809303632,0.13,0.085,0.18
young_host_later_donor,shuffled_prompt,suffix,first_prompt_token,200,8,0.031708914142336474,0.024346573773598088,0.03972172329829989,0.002397304710330559,0.0016955306842147309,0.003217411328404779,0.054908008258789776,0.05177296790014953,0.058236845319159326,0.24126608981074668,0.19867066242376327,0.288169578258404,0.19898054517538769,0.16666285787512566,0.2298410653541845,0.6583982559247616,0.6279333455959002,0.6887924066995411,0.3416017440752385,0.31120759330045894,0.37206665440409975,2235.0561143103987,1955.1841331275962,2505.4228932358715,0.009497388969991789,0.006717616422254025,0.012754931700452743,213.28965056203305,195.85499621538446,228.19885682982206,0.125,0.08,0.17
young_host_later_donor,shuffled_prompt,suffix,last_prompt_token,200,8,0.39059190921992465,0.3595688019162451,0.41730108451435777,0.143275625034417,0.12731216682162103,0.15858316121505855,0.15812152249738573,0.1425889759273268,0.17183777544740586,0.2529523567333525,0.21494053378898256,0.2913960210104105,0.23953656865624176,0.20576300768591796,0.27390826016671416,0.3430751022641971,0.3220789829878334,0.36233705550607836,0.6569248977358029,0.6376629444939217,0.6779210170121667,386.448798334077,344.16622274398713,426.50164904718935,0.8852428064334867,0.7697814450980281,0.9976605010587933,57.66140897974372,52.914070705343036,61.76933175761066,0.135,0.09,0.18012499999999987
young_host_later_donor,very_early,prefix,first_prompt_token,200,8,0.30579416262297104,0.27448874205334156,0.3374876307988625,0.11298831945603126,0.09559222133083312,0.13074288471468704,0.14287684811279178,0.12977501664496957,0.1561192544165533,0.3651248077391888,0.3332125159020286,0.3956954387634552,0.353962226658834,0.32117930963981156,0.3835314662909104,0.6969778904690884,0.6433753395727767,0.7468823591737029,0.30302210953091163,0.25311764082629695,0.3566246604272234,11683.891030575038,10395.328572493137,12962.763315429509,0.6622359432026473,0.5479802037197693,0.7758824494385925,703.4524339000136,623.2167548673617,781.1105419767802,0.225,0.17,0.285
young_host_later_donor,very_early,prefix,last_prompt_token,200,8,0.35682326954195537,0.3229360924072265,0.38742649760917236,0.09173940067919432,0.0769197453437175,0.10695824438556471,0.10962906914763153,0.09742868352844379,0.12265386266238056,0.2728200553970919,0.23887449155305568,0.3054486116749785,0.2673185072915253,0.2348832068236979,0.29955668680802583,0.3989873018446758,0.3712550576293269,0.4270661345417136,0.6010126981553242,0.5729338654582864,0.628744942370673,988.1128061050176,802.0373555696607,1186.199403013304,0.4574544367452813,0.3789373179392605,0.5388084237613694,43.81896404808387,35.56783679550723,52.633615545658394,0.145,0.1,0.195
young_host_later_donor,very_early,single_layer,first_prompt_token,200,8,0.10004095271873745,0.08143401658662004,0.12073337907369126,0.01544275442718174,0.011295589518047664,0.019937070979246824,0.08317976180464029,0.07702030554413795,0.0890737602985464,0.20671948558554842,0.1726066750109327,0.241469379440758,0.20111711666357365,0.1696494603768839,0.23269813788419846,0.6752908178777796,0.6256899757486524,0.722562696437732,0.32470918212222055,0.27743730356226814,0.37431002425134763,3952.771363746524,3368.344872456364,4602.489955200792,0.07871788535583392,0.05413603712006642,0.10680534285853853,0.22157646007835866,0.18256592293176802,0.2655310141572263,0.175,0.125,0.23
young_host_later_donor,very_early,single_layer,last_prompt_token,200,8,0.26585307653660695,0.23390534575533684,0.295351193333526,0.060284139733099096,0.048337595136726905,0.0724035525773492,0.09469253499992192,0.08563258392130957,0.1043773240528535,0.19579120606521652,0.1624024134532756,0.2281720962387355,0.19293529745953486,0.16144303347862907,0.22514480592654207,0.37516975998717894,0.35307606167915706,0.39754520662007226,0.6248302400128211,0.6024547933799278,0.646923938320843,424.13301042579116,297.11635986865866,565.9224950114376,0.2966800283864336,0.2354809547156495,0.3585065325297828,0.05062273470684886,0.04710150163713842,0.0542758809303632,0.155,0.105,0.205
young_host_later_donor,very_early,suffix,first_prompt_token,200,8,0.2705350084058535,0.23999594091337012,0.3011828814874079,0.08213188533167852,0.06794419785159762,0.09632938810034068,0.12211007058620453,0.1113168140531052,0.13357037417241374,0.34556252256536746,0.3112981299780804,0.3785441677052445,0.3362879288359876,0.3039449057435573,0.36481450864279036,0.8196330866346756,0.7816292664490955,0.8543345193103878,0.18036691336532457,0.1456654806896122,0.21837073355090456,8336.951150225774,7295.234603537393,9349.869720487743,0.4560030552043077,0.369297843924142,0.5411547091369622,640.0118543126434,588.6519813201372,689.0758817037977,0.3,0.235,0.37
young_host_later_donor,very_early,suffix,last_prompt_token,200,8,0.4372455902285188,0.4046827040354484,0.4655250233836016,0.1844797920986963,0.16502671251013523,0.20254978209901006,0.1725232542399317,0.15789408796536739,0.1870227815571707,0.22918822786635715,0.19273866685786153,0.2649422668723381,0.1982409581302942,0.16627615013221672,0.2295397593854584,0.4930559599011339,0.46101892066354383,0.5256532505630196,0.5069440400988661,0.4743467494369804,0.5389810793364562,667.0904862803966,539.5520047231336,799.9776052018581,0.9242607706065951,0.810460749695011,1.0391645203551163,134.23889808878303,109.34732313356736,160.52651732646487,0.17,0.11987500000000001,0.225
