model_size_label,identity_frame,axis_name,self_recognition_accuracy_mean,baseline_vs_contrary_axis_gap_mean,baseline_vs_alt_axis_gap_mean,baseline_vs_contrary_style_distance_mean,baseline_vs_alt_style_distance_mean,n
1b,baseline_helpful,cautious_vs_assertive,0.5,0.0018620908989115,0.0048539524049601,0.2126382675522929,1.6963907661851083,6
1b,baseline_helpful,collaborative_vs_authoritative,0.1666666666666666,0.021835049260476,0.0209067969448083,1.314370555841417,1.273875147357358,6
1b,baseline_helpful,expansive_vs_terse,0.1666666666666666,0.0194056263083154,0.0103084072472367,0.9543325659552186,1.4389334408911936,6
1b,baseline_helpful,selfref_vs_impersonal,0.0,0.0071141143922332,0.0014132975429432,1.5258721663375638,1.309595542577182,6
1b,family_self,cautious_vs_assertive,0.8333333333333334,0.0091756994218367,0.0105524429299013,0.974936774328308,1.765684015518118,6
1b,family_self,collaborative_vs_authoritative,0.6666666666666666,0.0082610379368501,0.0290693329429172,1.5927232163520328,1.5589847690155842,6
1b,family_self,expansive_vs_terse,0.8333333333333334,0.0091043617961281,0.0313025540576941,1.0611398389744469,1.5167189855021483,6
1b,family_self,selfref_vs_impersonal,0.6666666666666666,0.0029578437088448,0.0039882190612116,0.7457103454210715,1.542957539899943,6
1b,instance_self,cautious_vs_assertive,0.6666666666666666,0.0078282142747774,0.0150653785192182,0.8779249498593734,1.6336149115602787,6
1b,instance_self,collaborative_vs_authoritative,0.3333333333333333,0.0054823285505347,0.0185608185646268,1.0608600139864808,1.580724163488511,6
1b,instance_self,expansive_vs_terse,0.3333333333333333,0.0161209408235431,0.0319352935360779,1.229111919756459,1.8187861019954628,6
1b,instance_self,selfref_vs_impersonal,0.3333333333333333,0.0085552301493959,0.0082681122717226,1.2183671849644355,1.6314781182338711,6
1b,tool_only,cautious_vs_assertive,0.3333333333333333,0.0011265320473233,0.0105524429299013,0.7292054184443367,1.765684015518118,6
1b,tool_only,collaborative_vs_authoritative,0.1666666666666666,0.0370512057157566,0.0290693329429172,1.522136950025831,1.5589847690155842,6
1b,tool_only,expansive_vs_terse,0.0,0.0205293900931644,0.0313025540576941,1.2517425852432726,1.5167189855021483,6
1b,tool_only,selfref_vs_impersonal,0.1666666666666666,0.0034443592829516,0.0039882190612116,1.2717548076328462,1.542957539899943,6
1b,weights_self,cautious_vs_assertive,0.1666666666666666,0.0033483848497022,0.0113890384587668,0.6046739521463328,1.9142992657647333,6
1b,weights_self,collaborative_vs_authoritative,0.6666666666666666,0.0,0.0334595492320769,0.0,2.0519298569072597,6
1b,weights_self,expansive_vs_terse,0.3333333333333333,0.027421829144664,0.0051399139832094,1.7795640069600271,1.9273251305363357,6
1b,weights_self,selfref_vs_impersonal,0.3333333333333333,0.004194471766603,0.0049385049179865,2.050374313747279,2.050115173799587,6
2.8b,baseline_helpful,cautious_vs_assertive,0.1666666666666666,0.00436259616022,0.0072300650438464,0.6728347138973284,1.7407568102124789,6
2.8b,baseline_helpful,collaborative_vs_authoritative,0.0,0.0186488542720224,0.0142816578169999,1.4162158634942006,1.091450253791034,6
2.8b,baseline_helpful,expansive_vs_terse,0.1666666666666666,0.0173587837269622,0.0139076400606985,0.6013259997049744,1.0017173039753378,6
2.8b,baseline_helpful,selfref_vs_impersonal,0.3333333333333333,0.0137570875835436,0.0082070002596926,1.2328832165396169,1.091258427322508,6
2.8b,family_self,cautious_vs_assertive,0.0,0.0015154779752083,0.0066601612321254,0.3832490203215152,1.5658458160004418,6
2.8b,family_self,collaborative_vs_authoritative,0.1666666666666666,0.0088824468967076,0.0142353311835451,1.1242169351642006,1.2900814724025655,6
2.8b,family_self,expansive_vs_terse,0.0,0.0321445465238854,0.0285864840802921,1.307503720477275,1.41401438675949,6
2.8b,family_self,selfref_vs_impersonal,0.0,0.0056061269284741,0.0114663923758878,0.8964463476343617,1.4121921562154975,6
2.8b,instance_self,cautious_vs_assertive,0.0,0.0081064915258563,0.0068157165137885,1.1283422678419337,1.6092082226419844,6
2.8b,instance_self,collaborative_vs_authoritative,0.6666666666666666,0.0112959783252027,0.0160255587391462,1.4606203048412931,1.6884623900673923,6
2.8b,instance_self,expansive_vs_terse,0.0,0.0099063145287415,0.0240090925208031,0.6705103146192992,1.4500231714663785,6
2.8b,instance_self,selfref_vs_impersonal,0.6666666666666666,0.0036971820577834,0.0102103630029599,1.000773483121718,1.5615087951221192,6
2.8b,tool_only,cautious_vs_assertive,0.6666666666666666,0.0052706497799212,0.0066601612321254,0.7163144687789164,1.5658458160004418,6
2.8b,tool_only,collaborative_vs_authoritative,0.6666666666666666,0.0161788126099715,0.0142353311835451,1.0001736575625797,1.2900814724025655,6
2.8b,tool_only,expansive_vs_terse,0.3333333333333333,0.0083685294522384,0.0285864840802921,0.3641260721754034,1.41401438675949,6
2.8b,tool_only,selfref_vs_impersonal,0.1666666666666666,0.0082108185069979,0.0114663923758878,1.0957562503053109,1.4121921562154975,6
2.8b,weights_self,cautious_vs_assertive,0.3333333333333333,0.0008159807037871,0.0073181612721444,0.6168134325410105,1.6630291714469474,6
2.8b,weights_self,collaborative_vs_authoritative,0.0,0.0163136086593893,0.0116303075765711,0.9710565752985916,0.9894289638230968,6
2.8b,weights_self,expansive_vs_terse,0.5,0.0165574408754672,0.0158974933421297,1.7196237977207744,1.09978356066366,6
2.8b,weights_self,selfref_vs_impersonal,0.1666666666666666,0.0036893980857877,0.0083543583109243,1.151804836075757,1.1458940187419926,6
410m,baseline_helpful,cautious_vs_assertive,0.3333333333333333,0.0074715367608973,0.009279357392365,1.444125722521644,0.9458082498362717,6
410m,baseline_helpful,collaborative_vs_authoritative,0.5,0.0112642851286015,0.0171221836021825,0.7339003973241375,1.267939994022149,6
410m,baseline_helpful,expansive_vs_terse,0.0,0.021214018094555,0.0149337452597969,0.9409137245183934,1.1965888899878705,6
410m,baseline_helpful,selfref_vs_impersonal,0.3333333333333333,0.0062144297776212,0.0050736307692151,0.9657196147713036,1.0451395046023106,6
410m,family_self,cautious_vs_assertive,0.5,0.0060455746880693,0.0069667728400091,1.336198118156912,0.7696131601722486,6
410m,family_self,collaborative_vs_authoritative,0.1666666666666666,0.0080528424661816,0.0175068796120803,1.01137134914738,1.284436194998133,6
410m,family_self,expansive_vs_terse,0.3333333333333333,0.0160633464631662,0.0154593300215042,1.1984496586703757,1.1152828656620846,6
410m,family_self,selfref_vs_impersonal,0.3333333333333333,0.0031977122682297,0.0036814366416054,0.5925528169616882,1.3031448824905745,6
410m,instance_self,cautious_vs_assertive,0.1666666666666666,0.0108838409161317,0.0081562263459173,1.0337465817860052,1.3001418832444387,6
410m,instance_self,collaborative_vs_authoritative,0.5,0.0214493390177626,0.0182710014884297,1.3066797881396572,1.500322760301202,6
410m,instance_self,expansive_vs_terse,0.3333333333333333,0.0197895312419712,0.0240449735990881,1.180727933988816,1.2688807943667713,6
410m,instance_self,selfref_vs_impersonal,0.3333333333333333,0.0073434023600569,0.0049037881141057,1.182095394414281,1.3588750001966972,6
410m,tool_only,cautious_vs_assertive,0.6666666666666666,0.0082172229499236,0.0069667728400091,1.0230068826400265,0.7696131601722486,6
410m,tool_only,collaborative_vs_authoritative,0.3333333333333333,0.0192092785039219,0.0175068796120803,1.2607743650876284,1.284436194998133,6
410m,tool_only,expansive_vs_terse,0.3333333333333333,0.0123864201582927,0.0154593300215042,0.7134457794889904,1.1152828656620846,6
410m,tool_only,selfref_vs_impersonal,0.3333333333333333,0.0068609559768851,0.0036814366416054,1.5108021245361236,1.3031448824905745,6
410m,weights_self,cautious_vs_assertive,0.0,0.0076800115409599,0.0089054913643852,1.577471865177871,0.9464369871536324,6
410m,weights_self,collaborative_vs_authoritative,0.3333333333333333,0.0149226777594647,0.0278692558409185,1.872995347412692,1.685268985966286,6
410m,weights_self,expansive_vs_terse,0.3333333333333333,0.0062378013759844,0.008266263917957,0.8003946427266134,1.5795049686518128,6
410m,weights_self,selfref_vs_impersonal,0.0,0.0030521451358229,0.0038831310885233,1.794030976982799,1.6806466266669846,6
70m,baseline_helpful,cautious_vs_assertive,0.0,0.0092364327101416,0.0072622733841223,1.0510772871188272,1.3173539221387618,6
70m,baseline_helpful,collaborative_vs_authoritative,0.3333333333333333,0.0170242872418313,0.0078677040989114,1.04322053316916,0.1373897383650232,6
70m,baseline_helpful,expansive_vs_terse,0.0,0.0104437936901033,0.0051146517527721,1.212140822469981,0.0471634531152097,6
70m,baseline_helpful,selfref_vs_impersonal,0.3333333333333333,0.0079995409401278,0.0040369123965259,1.5471769531245358,0.0831573484024389,6
70m,family_self,cautious_vs_assertive,0.1666666666666666,0.0079944836872953,0.003761912158489,0.9628610809733814,0.643667708891761,6
70m,family_self,collaborative_vs_authoritative,0.5,0.0147125925369133,0.0120512656883381,1.304620305647337,0.2955517080142237,6
70m,family_self,expansive_vs_terse,0.3333333333333333,0.0280909581194901,0.0086534185033554,1.593132165200558,0.2964209384333336,6
70m,family_self,selfref_vs_impersonal,0.5,0.0073820639887939,0.004348596554055,1.636698745760395,0.3345036161103574,6
70m,instance_self,cautious_vs_assertive,0.3333333333333333,0.0070443109925213,0.004039964415535,1.029449681295305,1.0762018589543976,6
70m,instance_self,collaborative_vs_authoritative,0.0,0.0139740183233927,0.0134569308488878,0.9859385034445518,0.3427844648947436,6
70m,instance_self,expansive_vs_terse,0.6666666666666666,0.0137813290873561,0.0104901276776534,1.5622368133793552,0.5146676755571655,6
70m,instance_self,selfref_vs_impersonal,0.0,0.0030912184354855,0.0013681134600488,1.7162423729339549,0.6444191414783429,6
70m,tool_only,cautious_vs_assertive,0.1666666666666666,0.0015448357296229,0.003761912158489,0.4499011306818417,0.643667708891761,6
70m,tool_only,collaborative_vs_authoritative,0.1666666666666666,0.0117386958269408,0.0120512656883381,1.418382924002506,0.2955517080142237,6
70m,tool_only,expansive_vs_terse,0.6666666666666666,0.0176684977260611,0.0086534185033554,1.3905769380936377,0.2964209384333336,6
70m,tool_only,selfref_vs_impersonal,0.1666666666666666,0.0015261565450788,0.004348596554055,1.5424102820144316,0.3345036161103574,6
70m,weights_self,cautious_vs_assertive,0.0,0.0061291364818443,0.005699670296589,0.4376108203430655,0.6979765854299388,6
70m,weights_self,collaborative_vs_authoritative,0.1666666666666666,0.0158817981028944,0.0094310268698283,1.4530924146603528,0.3806085955209504,6
70m,weights_self,expansive_vs_terse,0.3333333333333333,0.0165429633828816,0.0074553366570222,0.9874073664500038,0.347635191138018,6
70m,weights_self,selfref_vs_impersonal,0.5,0.0107087864245564,0.0061167553332876,1.5131541394116244,0.4371396797797734,6
