evaluator_revision,evaluator_step,source_revision,source_step,prompt_id,prompt_family,prompt,completion_text,avg_logprob,sum_logprob,perplexity,answer_token_count,temporal_distance,same_revision,winner_source_revision,winner_avg_logprob,self_preferred,distance_from_diagonal,diagonal_margin_logprob
step128000,128000,step143000,143000,explanation_004,explanation,Explain why museums use wall labels.,"

The museum’s website says: “The museum is dedicated to the preservation of the history of the city of London and the surrounding area. It is a place where visitors can discover the history of London and the city’s people. The museum is a place where visitors",-1.93413245677948,-108.31141662597656,6.918039752772047,56,15000,0,step143000,-1.93413245677948,0,15000,
step128000,128000,step64000,64000,explanation_007,explanation,Explain why towns maintain public transit.,"

The city of San Diego has a public transit system that is the largest in the country. The San Diego Regional Transit Authority (SDRTA) is the largest transit agency in the country. The SDRTA is the largest transit agency in the United States. The SD",-1.228011965751648,-68.76866912841797,3.41443477115086,56,64000,0,step64000,-1.228011965751648,0,64000,-0.2486780881881714
step128000,128000,step143000,143000,explanation_007,explanation,Explain why towns maintain public transit.,"

The city of New York has a long history of public transit. The city’s first subway system opened in 1883, and the city’s first bus system opened in 1905. The city’s first subway line opened in 1909, and the city’s first",-1.2859939336776733,-72.01566314697266,3.6182624834981754,56,15000,0,step64000,-1.228011965751648,0,15000,-0.2486780881881714
step128000,128000,step128000,128000,explanation_007,explanation,Explain why towns maintain public transit.,"

The city of New York has a long history of public transit. The city’s first subway system was built in 1883, and the first subway car was built in the Bronx in 1904. The city’s first subway car was the first subway car in the world",-1.4766900539398193,-82.69464111328125,4.378429305133169,56,0,1,step64000,-1.228011965751648,0,0,-0.2486780881881714
step128000,128000,step16000,16000,explanation_007,explanation,Explain why towns maintain public transit.,"

“We’re not going to be able to do this without public transportation,” said Mayor John Hancock. “We’re going to have to do this on a local level.”

The city is also considering a proposal to build a new $1.5",-1.7372733354568481,-97.28730773925781,5.681829838153223,56,112000,0,step64000,-1.228011965751648,0,112000,-0.2486780881881714
step128000,128000,step64000,64000,explanation_010,explanation,Explain why software teams use version control.,"

The following are some of the most common reasons why software teams use version control:

1. Version control is a way to ensure that your software is always up to date.

2. Version control is a way to ensure that your software is always up to",-1.2392388582229614,-69.39737701416016,3.4529842537174646,56,64000,0,step64000,-1.2392388582229614,0,64000,-0.07899999618530273
step128000,128000,step128000,128000,explanation_010,explanation,Explain why software teams use version control.,"

The first step in version control is to create a version control system. This is a system that allows you to track changes in your code. Version control systems are used to track changes in your code.

Version control systems are used to track changes in your code.",-1.3182388544082642,-73.82137298583984,3.736834469158888,56,0,1,step64000,-1.2392388582229614,0,0,-0.07899999618530273
step128000,128000,step64000,64000,explanation_011,explanation,Explain why newspapers keep corrections pages.,"

The first thing to note is that the corrections page is not a page that is automatically generated. It is a page that is manually created by the editor. The editor is responsible for creating the page and for making sure that it is correct.

The second thing to",-1.6005293130874634,-89.629638671875,4.955654823253769,56,64000,0,step64000,-1.6005293130874634,0,64000,
step128000,128000,step64000,64000,explanation_012,explanation,Explain why research groups maintain lab notebooks.,"

The research groups are also required to keep a journal of their research.

The journal should be kept in a locked cabinet and should be kept in a locked cabinet with a lock.

The journal should be kept in a locked cabinet with a lock.

",-1.5691449642181396,-86.30297088623047,4.80254009411507,55,64000,0,step64000,-1.5691449642181396,0,64000,
step128000,128000,step16000,16000,explanation_013,explanation,Explain why legislatures use committees.,"

The committee’s report, which was released in January, said the state’s “unprecedented” use of the committee’s powers to “create and implement” a new law “is a violation of the state’s constitutional right to a public hearing.”
",-1.9002755880355835,-106.41543579101562,6.687737248710775,56,112000,0,step16000,-1.9002755880355835,0,112000,
step128000,128000,step128000,128000,explanation_014,explanation,Explain why cities zone industrial districts.,"

The city of New York has a long history of zoning. In the early 1900s, the city was a leader in the development of the industrial districts. The city’s first zoning ordinance was passed in 1883, and the first zoning ordinance was passed in New York",-2.05904221534729,-115.30636596679688,7.838458658455687,56,0,1,step128000,-2.05904221534729,1,0,0.12816524505615234
step128000,128000,step16000,16000,explanation_014,explanation,Explain why cities zone industrial districts.,"

The city of San Francisco has been criticized for its lack of industrial districts, and the city’s industrial districts are often the most expensive in the country.

The city’s industrial districts are often the most expensive in the country.

The city’s",-2.1872074604034424,-122.4836196899414,8.910295985499786,56,112000,0,step128000,-2.05904221534729,1,112000,0.12816524505615234
step128000,128000,step128000,128000,explanation_015,explanation,Explain why conferences use peer review.,"

The peer review process is a critical component of the process of peer review. Peer review is a process in which a group of reviewers reviews a paper and makes a decision about whether or not to accept the paper. Peer review is a process in which a group of reviewers reviews",-1.5371971130371094,-86.08303833007812,4.65153425754281,56,0,1,step128000,-1.5371971130371094,1,0,
step128000,128000,step143000,143000,judgment_008,judgment,Should a newsroom publish quickly with updates or wait for fuller confirmation?,"

I’m not sure I’d call it a “newsroom” but I’m sure it’s a place where people can get their news.

I’m not sure I’d call it a “newsroom” but I’m sure",-1.000357747077942,-56.0200309753418,2.719254459807837,56,15000,0,step143000,-1.000357747077942,0,15000,
step128000,128000,step64000,64000,judgment_009,judgment,Should a university require broad general education or early specialization?,"

I am a graduate student in the field of education. I am interested in the question of whether a university should require broad general education or early specialization. I am not sure if I understand the question correctly.

A:

The question is not about whether a",-1.253556251525879,-70.19915008544922,3.502777592169494,56,64000,0,step64000,-1.253556251525879,0,64000,-0.07829165458679199
step128000,128000,step128000,128000,judgment_009,judgment,Should a university require broad general education or early specialization?,"

A:

The answer is yes.
The University of California, Berkeley, has a general education requirement for all students.  The requirement is that the student must have a general education in the sciences, mathematics, and the humanities.  The requirement is not",-1.331847906112671,-74.58348083496094,3.7880368604074626,56,0,1,step64000,-1.253556251525879,0,0,-0.07829165458679199
step128000,128000,step64000,64000,judgment_013,judgment,Should a community preserve a historic building or replace it with housing?,"

The answer is yes.

The City of San Diego has a historic building that is being preserved and is being used as a community center. The building is located in the heart of the city and is a great example of how a community can preserve a historic building.",-1.4415931701660156,-80.72921752929688,4.227425462964183,56,64000,0,step64000,-1.4415931701660156,0,64000,
step128000,128000,step64000,64000,judgment_014,judgment,Should a school ban phones outright or regulate their use?,"

I’m not sure what you mean by “ban phones outright” but I’m sure you’re referring to the fact that the FCC has not yet decided whether or not to ban phones outright.

I’m not sure what you mean by “regulate",-1.312451720237732,-73.49729919433594,3.715271361192926,56,64000,0,step64000,-1.312451720237732,0,64000,
step128000,128000,step64000,64000,judgment_017,judgment,Should a town build a large central park or several smaller parks?,"

I think it's a good idea to have a central park. It's a great place to get away from the hustle and bustle of the city. It's also a great place to get away from the city.

I think it's a good idea",-1.0180374383926392,-57.010093688964844,2.7677575355838333,56,64000,0,step64000,-1.0180374383926392,0,64000,
step128000,128000,step143000,143000,judgment_017,judgment,Should a town build a large central park or several smaller parks?,"

I think that the answer is yes.

The problem is that the parks are not large enough to support the number of people who would use them.

The parks are not large enough to support the number of people who would use them.

The parks",-1.1146026849746704,-62.41775131225586,3.0483567805936933,56,15000,0,step64000,-1.0180374383926392,0,15000,
step128000,128000,step128000,128000,judgment_018,judgment,Should an instructor prioritize mastery or coverage in a difficult course?,"

I’ve been teaching for over 20 years and I’ve never seen a course that was so difficult that I couldn’t get through it. I’ve taught in many different settings, but I’ve never seen a course that was so difficult that I couldn",-1.1268779039382935,-63.105159759521484,3.0860066348988755,56,0,1,step128000,-1.1268779039382935,1,0,0.12262988090515137
step128000,128000,step64000,64000,judgment_018,judgment,Should an instructor prioritize mastery or coverage in a difficult course?,"

I’m not sure if this is a question that I’m asking, but I’m curious about the answer. I’m a high school teacher and I’ve been teaching for about a year now. I’ve been teaching for about a year and",-1.2495077848434448,-69.9724349975586,3.488625380499987,56,64000,0,step128000,-1.1268779039382935,1,64000,0.12262988090515137
step128000,128000,step16000,16000,judgment_018,judgment,Should an instructor prioritize mastery or coverage in a difficult course?,"

The answer is yes.

The question is, “What is the most important thing you can do to improve your mastery of a difficult course?”

The answer is, “I don’t know.”

The question is, “What is the most",-1.2571814060211182,-70.40216064453125,3.5154987462465033,56,112000,0,step128000,-1.1268779039382935,1,112000,0.12262988090515137
step128000,128000,step16000,16000,style_opening_001,style_opening,Write the opening paragraph of an essay about memory.,"

The first thing you should do is to write a short introduction. This is a good way to start your essay. You should also write a short introduction that is short and to the point.

The second thing you should do is to write a short introduction that is",-1.5664161443710327,-87.71930694580078,4.789452692092146,56,112000,0,step16000,-1.5664161443710327,0,112000,
step128000,128000,step143000,143000,style_opening_006,style_opening,Write the opening paragraph of an essay about public attention.,"

The essay is a great way to get your point across. It’s also a great way to get your point across to your audience.

The opening paragraph is the most important part of your essay. It’s the first thing that your audience sees when they",-1.5259406566619873,-85.45267486572266,4.599468055327366,56,15000,0,step143000,-1.5259406566619873,0,15000,
step128000,128000,step16000,16000,style_opening_006,style_opening,Write the opening paragraph of an essay about public attention.,"

The first thing you should do is to write a short introduction. This is a good way to start your essay. You should also write a short introduction that is short and to the point.

The second thing you should do is to write a short introduction that is",-1.6937503814697266,-94.85002136230469,5.439843986311402,56,112000,0,step143000,-1.5259406566619873,0,112000,
step128000,128000,step16000,16000,style_opening_011,style_opening,Write the opening paragraph of an essay about attention.,"

The first thing you should do is to write a short introduction. This is a good way to start your essay. You should also write a short introduction that is short and to the point.

The second thing you should do is to write a short introduction that is",-1.3824621438980103,-77.41787719726562,3.984700465406391,56,112000,0,step16000,-1.3824621438980103,0,112000,
step128000,128000,step16000,16000,style_opening_013,style_opening,Write the opening paragraph of an essay about delay.,"

The first thing you should do is to write a short introduction. This is a good way to introduce yourself to the reader and to make them feel comfortable with you.

The second thing you should do is to write a short conclusion. This is a good way to",-1.6188108921051025,-90.65341186523438,5.047085218037434,56,112000,0,step16000,-1.6188108921051025,0,112000,
step128000,128000,step16000,16000,style_opening_018,style_opening,Write the opening paragraph of an essay about access.,"

The first thing you should do is to write a short introduction. This is a good way to start your essay. You should also write a short introduction that is short and to the point.

The second thing you should do is to write a short introduction that is",-1.6512775421142578,-92.47154235839844,5.213636214199203,56,112000,0,step16000,-1.6512775421142578,0,112000,
step128000,128000,step143000,143000,style_opening_019,style_opening,Write the opening paragraph of an essay about expertise and doubt.,"

The essay is a great way to introduce your topic and to get your reader to think about it.

The opening paragraph is the most important part of your essay. It is the first thing your reader will see and it is the first thing they will remember.
",-1.312102198600769,-73.47772216796875,3.713973020377322,56,15000,0,step143000,-1.312102198600769,0,15000,
step128000,128000,step16000,16000,style_opening_020,style_opening,Write the opening paragraph of an essay about common goods.,"

The first thing you should do is to write a short introduction. This is a good way to start your essay. You should also write a short introduction that is short and to the point.

The second thing you should do is to write a conclusion. This is",-1.7106101512908936,-95.7941665649414,5.532336009989826,56,112000,0,step16000,-1.7106101512908936,0,112000,
step143000,143000,step143000,143000,explanation_004,explanation,Explain why museums use wall labels.,"

The museum’s website says: “The museum is dedicated to the preservation of the history of the city of London and the surrounding area. It is a place where visitors can discover the history of London and the city’s people. The museum is a place where visitors",-1.9022694826126099,-106.52709197998047,6.701085194519746,56,0,1,step143000,-1.9022694826126099,1,0,
step143000,143000,step143000,143000,explanation_007,explanation,Explain why towns maintain public transit.,"

The city of New York has a long history of public transit. The city’s first subway system opened in 1883, and the city’s first bus system opened in 1905. The city’s first subway line opened in 1909, and the city’s first",-1.2672947645187378,-70.968505859375,3.5512326356106625,56,0,1,step143000,-1.2672947645187378,1,0,0.009856462478637695
step143000,143000,step64000,64000,explanation_007,explanation,Explain why towns maintain public transit.,"

The city of San Diego has a public transit system that is the largest in the country. The San Diego Regional Transit Authority (SDRTA) is the largest transit agency in the country. The SDRTA is the largest transit agency in the United States. The SD",-1.2771512269973755,-71.52046966552734,3.586408295848732,56,79000,0,step143000,-1.2672947645187378,1,79000,0.009856462478637695
step143000,143000,step128000,128000,explanation_007,explanation,Explain why towns maintain public transit.,"

The city of New York has a long history of public transit. The city’s first subway system was built in 1883, and the first subway car was built in the Bronx in 1904. The city’s first subway car was the first subway car in the world",-1.556976556777954,-87.19068908691406,4.744454948084814,56,15000,0,step143000,-1.2672947645187378,1,15000,0.009856462478637695
step143000,143000,step16000,16000,explanation_007,explanation,Explain why towns maintain public transit.,"

“We’re not going to be able to do this without public transportation,” said Mayor John Hancock. “We’re going to have to do this on a local level.”

The city is also considering a proposal to build a new $1.5",-1.7641624212265015,-98.79309844970703,5.836681629546131,56,127000,0,step143000,-1.2672947645187378,1,127000,0.009856462478637695
step143000,143000,step64000,64000,explanation_010,explanation,Explain why software teams use version control.,"

The following are some of the most common reasons why software teams use version control:

1. Version control is a way to ensure that your software is always up to date.

2. Version control is a way to ensure that your software is always up to",-1.1852787733078003,-66.3756103515625,3.2715987287517505,56,79000,0,step64000,-1.1852787733078003,0,79000,
step143000,143000,step128000,128000,explanation_010,explanation,Explain why software teams use version control.,"

The first step in version control is to create a version control system. This is a system that allows you to track changes in your code. Version control systems are used to track changes in your code.

Version control systems are used to track changes in your code.",-1.2993525266647339,-72.76374053955078,3.666921664826241,56,15000,0,step64000,-1.1852787733078003,0,15000,
step143000,143000,step64000,64000,explanation_011,explanation,Explain why newspapers keep corrections pages.,"

The first thing to note is that the corrections page is not a page that is automatically generated. It is a page that is manually created by the editor. The editor is responsible for creating the page and for making sure that it is correct.

The second thing to",-1.5984551906585693,-89.51348876953125,4.945386840642576,56,79000,0,step64000,-1.5984551906585693,0,79000,
step143000,143000,step64000,64000,explanation_012,explanation,Explain why research groups maintain lab notebooks.,"

The research groups are also required to keep a journal of their research.

The journal should be kept in a locked cabinet and should be kept in a locked cabinet with a lock.

The journal should be kept in a locked cabinet with a lock.

",-1.5507135391235352,-85.28924560546875,4.714833200575155,55,79000,0,step64000,-1.5507135391235352,0,79000,
step143000,143000,step16000,16000,explanation_013,explanation,Explain why legislatures use committees.,"

The committee’s report, which was released in January, said the state’s “unprecedented” use of the committee’s powers to “create and implement” a new law “is a violation of the state’s constitutional right to a public hearing.”
",-1.9332807064056396,-108.26371765136719,6.9121498185593,56,127000,0,step16000,-1.9332807064056396,0,127000,
step143000,143000,step128000,128000,explanation_014,explanation,Explain why cities zone industrial districts.,"

The city of New York has a long history of zoning. In the early 1900s, the city was a leader in the development of the industrial districts. The city’s first zoning ordinance was passed in 1883, and the first zoning ordinance was passed in New York",-2.01503586769104,-112.84200286865234,7.500996419800114,56,15000,0,step128000,-2.01503586769104,0,15000,
step143000,143000,step16000,16000,explanation_014,explanation,Explain why cities zone industrial districts.,"

The city of San Francisco has been criticized for its lack of industrial districts, and the city’s industrial districts are often the most expensive in the country.

The city’s industrial districts are often the most expensive in the country.

The city’s",-2.1813158988952637,-122.1536865234375,8.857954765801827,56,127000,0,step128000,-2.01503586769104,0,127000,
step143000,143000,step128000,128000,explanation_015,explanation,Explain why conferences use peer review.,"

The peer review process is a critical component of the process of peer review. Peer review is a process in which a group of reviewers reviews a paper and makes a decision about whether or not to accept the paper. Peer review is a process in which a group of reviewers reviews",-1.568022608757019,-87.80926513671875,4.797152960717989,56,15000,0,step128000,-1.568022608757019,0,15000,
step143000,143000,step143000,143000,judgment_008,judgment,Should a newsroom publish quickly with updates or wait for fuller confirmation?,"

I’m not sure I’d call it a “newsroom” but I’m sure it’s a place where people can get their news.

I’m not sure I’d call it a “newsroom” but I’m sure",-0.9823398590087891,-55.01103210449219,2.6706979934320945,56,0,1,step143000,-0.9823398590087891,1,0,
step143000,143000,step64000,64000,judgment_009,judgment,Should a university require broad general education or early specialization?,"

I am a graduate student in the field of education. I am interested in the question of whether a university should require broad general education or early specialization. I am not sure if I understand the question correctly.

A:

The question is not about whether a",-1.2224870920181274,-68.45927429199219,3.395622465827254,56,79000,0,step64000,-1.2224870920181274,0,79000,
step143000,143000,step128000,128000,judgment_009,judgment,Should a university require broad general education or early specialization?,"

A:

The answer is yes.
The University of California, Berkeley, has a general education requirement for all students.  The requirement is that the student must have a general education in the sciences, mathematics, and the humanities.  The requirement is not",-1.377746820449829,-77.15382385253906,3.9659555427860993,56,15000,0,step64000,-1.2224870920181274,0,15000,
step143000,143000,step64000,64000,judgment_013,judgment,Should a community preserve a historic building or replace it with housing?,"

The answer is yes.

The City of San Diego has a historic building that is being preserved and is being used as a community center. The building is located in the heart of the city and is a great example of how a community can preserve a historic building.",-1.438670039176941,-80.56552124023438,4.215086188034132,56,79000,0,step64000,-1.438670039176941,0,79000,
step143000,143000,step64000,64000,judgment_014,judgment,Should a school ban phones outright or regulate their use?,"

I’m not sure what you mean by “ban phones outright” but I’m sure you’re referring to the fact that the FCC has not yet decided whether or not to ban phones outright.

I’m not sure what you mean by “regulate",-1.2880197763442993,-72.12910461425781,3.625599943776912,56,79000,0,step64000,-1.2880197763442993,0,79000,
step143000,143000,step64000,64000,judgment_017,judgment,Should a town build a large central park or several smaller parks?,"

I think it's a good idea to have a central park. It's a great place to get away from the hustle and bustle of the city. It's also a great place to get away from the city.

I think it's a good idea",-1.0207865238189697,-57.16404724121094,2.7753768057022103,56,79000,0,step64000,-1.0207865238189697,0,79000,-0.07269155979156494
step143000,143000,step143000,143000,judgment_017,judgment,Should a town build a large central park or several smaller parks?,"

I think that the answer is yes.

The problem is that the parks are not large enough to support the number of people who would use them.

The parks are not large enough to support the number of people who would use them.

The parks",-1.0934780836105347,-61.234771728515625,2.9846368573374216,56,0,1,step64000,-1.0207865238189697,0,0,-0.07269155979156494
step143000,143000,step128000,128000,judgment_018,judgment,Should an instructor prioritize mastery or coverage in a difficult course?,"

I’ve been teaching for over 20 years and I’ve never seen a course that was so difficult that I couldn’t get through it. I’ve taught in many different settings, but I’ve never seen a course that was so difficult that I couldn",-1.0873662233352661,-60.89250946044922,2.9664508058072934,56,15000,0,step128000,-1.0873662233352661,0,15000,
step143000,143000,step16000,16000,judgment_018,judgment,Should an instructor prioritize mastery or coverage in a difficult course?,"

The answer is yes.

The question is, “What is the most important thing you can do to improve your mastery of a difficult course?”

The answer is, “I don’t know.”

The question is, “What is the most",-1.2101497650146484,-67.76838684082031,3.3539869248376055,56,127000,0,step128000,-1.0873662233352661,0,127000,
step143000,143000,step64000,64000,judgment_018,judgment,Should an instructor prioritize mastery or coverage in a difficult course?,"

I’m not sure if this is a question that I’m asking, but I’m curious about the answer. I’m a high school teacher and I’ve been teaching for about a year now. I’ve been teaching for about a year and",-1.227254033088684,-68.72622680664062,3.411847839995896,56,79000,0,step128000,-1.0873662233352661,0,79000,
step143000,143000,step16000,16000,style_opening_001,style_opening,Write the opening paragraph of an essay about memory.,"

The first thing you should do is to write a short introduction. This is a good way to start your essay. You should also write a short introduction that is short and to the point.

The second thing you should do is to write a short introduction that is",-1.554748773574829,-87.06593322753906,4.733897095713143,56,127000,0,step16000,-1.554748773574829,0,127000,
step143000,143000,step143000,143000,style_opening_006,style_opening,Write the opening paragraph of an essay about public attention.,"

The essay is a great way to get your point across. It’s also a great way to get your point across to your audience.

The opening paragraph is the most important part of your essay. It’s the first thing that your audience sees when they",-1.495065450668335,-83.72366333007812,4.459628428957179,56,0,1,step143000,-1.495065450668335,1,0,0.18170392513275146
step143000,143000,step16000,16000,style_opening_006,style_opening,Write the opening paragraph of an essay about public attention.,"

The first thing you should do is to write a short introduction. This is a good way to start your essay. You should also write a short introduction that is short and to the point.

The second thing you should do is to write a short introduction that is",-1.6767693758010864,-93.89908599853516,5.348249846006239,56,127000,0,step143000,-1.495065450668335,1,127000,0.18170392513275146
step143000,143000,step16000,16000,style_opening_011,style_opening,Write the opening paragraph of an essay about attention.,"

The first thing you should do is to write a short introduction. This is a good way to start your essay. You should also write a short introduction that is short and to the point.

The second thing you should do is to write a short introduction that is",-1.3892042636871338,-77.79544067382812,4.011656561773295,56,127000,0,step16000,-1.3892042636871338,0,127000,
step143000,143000,step16000,16000,style_opening_013,style_opening,Write the opening paragraph of an essay about delay.,"

The first thing you should do is to write a short introduction. This is a good way to introduce yourself to the reader and to make them feel comfortable with you.

The second thing you should do is to write a short conclusion. This is a good way to",-1.6169378757476807,-90.54852294921875,5.037640792409662,56,127000,0,step16000,-1.6169378757476807,0,127000,
step143000,143000,step16000,16000,style_opening_018,style_opening,Write the opening paragraph of an essay about access.,"

The first thing you should do is to write a short introduction. This is a good way to start your essay. You should also write a short introduction that is short and to the point.

The second thing you should do is to write a short introduction that is",-1.6546303033828735,-92.65929412841797,5.23114562780676,56,127000,0,step16000,-1.6546303033828735,0,127000,
step143000,143000,step143000,143000,style_opening_019,style_opening,Write the opening paragraph of an essay about expertise and doubt.,"

The essay is a great way to introduce your topic and to get your reader to think about it.

The opening paragraph is the most important part of your essay. It is the first thing your reader will see and it is the first thing they will remember.
",-1.2727144956588745,-71.27201080322266,3.5705316121038604,56,0,1,step143000,-1.2727144956588745,1,0,
step143000,143000,step16000,16000,style_opening_020,style_opening,Write the opening paragraph of an essay about common goods.,"

The first thing you should do is to write a short introduction. This is a good way to start your essay. You should also write a short introduction that is short and to the point.

The second thing you should do is to write a conclusion. This is",-1.686421513557434,-94.43960571289062,5.400121825305092,56,127000,0,step16000,-1.686421513557434,0,127000,
step16000,16000,step143000,143000,explanation_004,explanation,Explain why museums use wall labels.,"

The museum’s website says: “The museum is dedicated to the preservation of the history of the city of London and the surrounding area. It is a place where visitors can discover the history of London and the city’s people. The museum is a place where visitors",-2.104879140853882,-117.87322998046875,8.206111166071853,56,127000,0,step143000,-2.104879140853882,0,127000,
step16000,16000,step143000,143000,explanation_007,explanation,Explain why towns maintain public transit.,"

The city of New York has a long history of public transit. The city’s first subway system opened in 1883, and the city’s first bus system opened in 1905. The city’s first subway line opened in 1909, and the city’s first",-1.338704228401184,-74.96743774414062,3.8140981020060036,56,127000,0,step143000,-1.338704228401184,0,127000,-0.24511313438415527
step16000,16000,step64000,64000,explanation_007,explanation,Explain why towns maintain public transit.,"

The city of San Diego has a public transit system that is the largest in the country. The San Diego Regional Transit Authority (SDRTA) is the largest transit agency in the country. The SDRTA is the largest transit agency in the United States. The SD",-1.430288553237915,-80.09616088867188,4.179905143087538,56,48000,0,step143000,-1.338704228401184,0,48000,-0.24511313438415527
step16000,16000,step16000,16000,explanation_007,explanation,Explain why towns maintain public transit.,"

“We’re not going to be able to do this without public transportation,” said Mayor John Hancock. “We’re going to have to do this on a local level.”

The city is also considering a proposal to build a new $1.5",-1.5838173627853394,-88.69377136230469,4.873524357766167,56,0,1,step143000,-1.338704228401184,0,0,-0.24511313438415527
step16000,16000,step128000,128000,explanation_007,explanation,Explain why towns maintain public transit.,"

The city of New York has a long history of public transit. The city’s first subway system was built in 1883, and the first subway car was built in the Bronx in 1904. The city’s first subway car was the first subway car in the world",-1.6221320629119873,-90.83939361572266,5.063875316082034,56,112000,0,step143000,-1.338704228401184,0,112000,-0.24511313438415527
step16000,16000,step64000,64000,explanation_010,explanation,Explain why software teams use version control.,"

The following are some of the most common reasons why software teams use version control:

1. Version control is a way to ensure that your software is always up to date.

2. Version control is a way to ensure that your software is always up to",-1.2968204021453857,-72.62194061279297,3.6576483081698847,56,48000,0,step64000,-1.2968204021453857,0,48000,
step16000,16000,step128000,128000,explanation_010,explanation,Explain why software teams use version control.,"

The first step in version control is to create a version control system. This is a system that allows you to track changes in your code. Version control systems are used to track changes in your code.

Version control systems are used to track changes in your code.",-1.6874674558639526,-94.49817657470703,5.405772996066627,56,112000,0,step64000,-1.2968204021453857,0,112000,
step16000,16000,step64000,64000,explanation_011,explanation,Explain why newspapers keep corrections pages.,"

The first thing to note is that the corrections page is not a page that is automatically generated. It is a page that is manually created by the editor. The editor is responsible for creating the page and for making sure that it is correct.

The second thing to",-1.8143693208694458,-101.60468292236328,6.137204349929424,56,48000,0,step64000,-1.8143693208694458,0,48000,
step16000,16000,step64000,64000,explanation_012,explanation,Explain why research groups maintain lab notebooks.,"

The research groups are also required to keep a journal of their research.

The journal should be kept in a locked cabinet and should be kept in a locked cabinet with a lock.

The journal should be kept in a locked cabinet with a lock.

",-1.776787519454956,-97.72331237792969,5.910837435624273,55,48000,0,step64000,-1.776787519454956,0,48000,
step16000,16000,step16000,16000,explanation_013,explanation,Explain why legislatures use committees.,"

The committee’s report, which was released in January, said the state’s “unprecedented” use of the committee’s powers to “create and implement” a new law “is a violation of the state’s constitutional right to a public hearing.”
",-1.6733452081680298,-93.70732879638672,5.329967860145076,56,0,1,step16000,-1.6733452081680298,1,0,
step16000,16000,step16000,16000,explanation_014,explanation,Explain why cities zone industrial districts.,"

The city of San Francisco has been criticized for its lack of industrial districts, and the city’s industrial districts are often the most expensive in the country.

The city’s industrial districts are often the most expensive in the country.

The city’s",-1.9905370473861694,-111.47007751464844,7.319463605756671,56,0,1,step16000,-1.9905370473861694,1,0,0.25027453899383545
step16000,16000,step128000,128000,explanation_014,explanation,Explain why cities zone industrial districts.,"

The city of New York has a long history of zoning. In the early 1900s, the city was a leader in the development of the industrial districts. The city’s first zoning ordinance was passed in 1883, and the first zoning ordinance was passed in New York",-2.240811586380005,-125.48544311523438,9.40095788157989,56,112000,0,step16000,-1.9905370473861694,1,112000,0.25027453899383545
step16000,16000,step128000,128000,explanation_015,explanation,Explain why conferences use peer review.,"

The peer review process is a critical component of the process of peer review. Peer review is a process in which a group of reviewers reviews a paper and makes a decision about whether or not to accept the paper. Peer review is a process in which a group of reviewers reviews",-1.7459527254104614,-97.77335357666016,5.731359286739671,56,112000,0,step128000,-1.7459527254104614,0,112000,
step16000,16000,step143000,143000,judgment_008,judgment,Should a newsroom publish quickly with updates or wait for fuller confirmation?,"

I’m not sure I’d call it a “newsroom” but I’m sure it’s a place where people can get their news.

I’m not sure I’d call it a “newsroom” but I’m sure",-1.133430004119873,-63.47208023071289,3.106292845600267,56,127000,0,step143000,-1.133430004119873,0,127000,
step16000,16000,step64000,64000,judgment_009,judgment,Should a university require broad general education or early specialization?,"

I am a graduate student in the field of education. I am interested in the question of whether a university should require broad general education or early specialization. I am not sure if I understand the question correctly.

A:

The question is not about whether a",-1.3851168155670166,-77.56654357910156,3.995292589927349,56,48000,0,step64000,-1.3851168155670166,0,48000,
step16000,16000,step128000,128000,judgment_009,judgment,Should a university require broad general education or early specialization?,"

A:

The answer is yes.
The University of California, Berkeley, has a general education requirement for all students.  The requirement is that the student must have a general education in the sciences, mathematics, and the humanities.  The requirement is not",-1.60768723487854,-90.03048706054688,4.991254269932578,56,112000,0,step64000,-1.3851168155670166,0,112000,
step16000,16000,step64000,64000,judgment_013,judgment,Should a community preserve a historic building or replace it with housing?,"

The answer is yes.

The City of San Diego has a historic building that is being preserved and is being used as a community center. The building is located in the heart of the city and is a great example of how a community can preserve a historic building.",-1.5924626588821411,-89.17790985107422,4.915840071250263,56,48000,0,step64000,-1.5924626588821411,0,48000,
step16000,16000,step64000,64000,judgment_014,judgment,Should a school ban phones outright or regulate their use?,"

I’m not sure what you mean by “ban phones outright” but I’m sure you’re referring to the fact that the FCC has not yet decided whether or not to ban phones outright.

I’m not sure what you mean by “regulate",-1.401220440864563,-78.46834564208984,4.060152119888482,56,48000,0,step64000,-1.401220440864563,0,48000,
step16000,16000,step64000,64000,judgment_017,judgment,Should a town build a large central park or several smaller parks?,"

I think it's a good idea to have a central park. It's a great place to get away from the hustle and bustle of the city. It's also a great place to get away from the city.

I think it's a good idea",-1.1602020263671875,-64.9713134765625,3.1905777918499227,56,48000,0,step64000,-1.1602020263671875,0,48000,
step16000,16000,step143000,143000,judgment_017,judgment,Should a town build a large central park or several smaller parks?,"

I think that the answer is yes.

The problem is that the parks are not large enough to support the number of people who would use them.

The parks are not large enough to support the number of people who would use them.

The parks",-1.2735928297042847,-71.32119750976562,3.573669109262563,56,127000,0,step64000,-1.1602020263671875,0,127000,
step16000,16000,step16000,16000,judgment_018,judgment,Should an instructor prioritize mastery or coverage in a difficult course?,"

The answer is yes.

The question is, “What is the most important thing you can do to improve your mastery of a difficult course?”

The answer is, “I don’t know.”

The question is, “What is the most",-1.1195038557052612,-62.69221878051758,3.0633339705244245,56,0,1,step16000,-1.1195038557052612,1,0,0.1520841121673584
step16000,16000,step128000,128000,judgment_018,judgment,Should an instructor prioritize mastery or coverage in a difficult course?,"

I’ve been teaching for over 20 years and I’ve never seen a course that was so difficult that I couldn’t get through it. I’ve taught in many different settings, but I’ve never seen a course that was so difficult that I couldn",-1.2715879678726196,-71.20892333984375,3.566511573798691,56,112000,0,step16000,-1.1195038557052612,1,112000,0.1520841121673584
step16000,16000,step64000,64000,judgment_018,judgment,Should an instructor prioritize mastery or coverage in a difficult course?,"

I’m not sure if this is a question that I’m asking, but I’m curious about the answer. I’m a high school teacher and I’ve been teaching for about a year now. I’ve been teaching for about a year and",-1.3582408428192139,-76.06148529052734,3.889345310483178,56,48000,0,step16000,-1.1195038557052612,1,48000,0.1520841121673584
step16000,16000,step16000,16000,style_opening_001,style_opening,Write the opening paragraph of an essay about memory.,"

The first thing you should do is to write a short introduction. This is a good way to start your essay. You should also write a short introduction that is short and to the point.

The second thing you should do is to write a short introduction that is",-1.4441843032836914,-80.87432098388672,4.238393488754623,56,0,1,step16000,-1.4441843032836914,1,0,
step16000,16000,step16000,16000,style_opening_006,style_opening,Write the opening paragraph of an essay about public attention.,"

The first thing you should do is to write a short introduction. This is a good way to start your essay. You should also write a short introduction that is short and to the point.

The second thing you should do is to write a short introduction that is",-1.5963846445083618,-89.39753723144531,4.935157782481363,56,0,1,step16000,-1.5963846445083618,1,0,0.10882771015167236
step16000,16000,step143000,143000,style_opening_006,style_opening,Write the opening paragraph of an essay about public attention.,"

The essay is a great way to get your point across. It’s also a great way to get your point across to your audience.

The opening paragraph is the most important part of your essay. It’s the first thing that your audience sees when they",-1.7052123546600342,-95.49188995361328,5.502554036144478,56,127000,0,step16000,-1.5963846445083618,1,127000,0.10882771015167236
step16000,16000,step16000,16000,style_opening_011,style_opening,Write the opening paragraph of an essay about attention.,"

The first thing you should do is to write a short introduction. This is a good way to start your essay. You should also write a short introduction that is short and to the point.

The second thing you should do is to write a short introduction that is",-1.254253625869751,-70.23820495605469,3.5052211913472164,56,0,1,step16000,-1.254253625869751,1,0,
step16000,16000,step16000,16000,style_opening_013,style_opening,Write the opening paragraph of an essay about delay.,"

The first thing you should do is to write a short introduction. This is a good way to introduce yourself to the reader and to make them feel comfortable with you.

The second thing you should do is to write a short conclusion. This is a good way to",-1.5165634155273438,-84.92755126953125,4.556539325376939,56,0,1,step16000,-1.5165634155273438,1,0,
step16000,16000,step16000,16000,style_opening_018,style_opening,Write the opening paragraph of an essay about access.,"

The first thing you should do is to write a short introduction. This is a good way to start your essay. You should also write a short introduction that is short and to the point.

The second thing you should do is to write a short introduction that is",-1.511753797531128,-84.65821075439453,4.5346767293493455,56,0,1,step16000,-1.511753797531128,1,0,
step16000,16000,step143000,143000,style_opening_019,style_opening,Write the opening paragraph of an essay about expertise and doubt.,"

The essay is a great way to introduce your topic and to get your reader to think about it.

The opening paragraph is the most important part of your essay. It is the first thing your reader will see and it is the first thing they will remember.
",-1.5866916179656982,-88.85472869873047,4.887552260626873,56,127000,0,step143000,-1.5866916179656982,0,127000,
step16000,16000,step16000,16000,style_opening_020,style_opening,Write the opening paragraph of an essay about common goods.,"

The first thing you should do is to write a short introduction. This is a good way to start your essay. You should also write a short introduction that is short and to the point.

The second thing you should do is to write a conclusion. This is",-1.5982820987701416,-89.50379943847656,4.944530908374927,56,0,1,step16000,-1.5982820987701416,1,0,
step4000,4000,step143000,143000,explanation_004,explanation,Explain why museums use wall labels.,"

The museum’s website says: “The museum is dedicated to the preservation of the history of the city of London and the surrounding area. It is a place where visitors can discover the history of London and the city’s people. The museum is a place where visitors",-2.3131065368652344,-129.53396606445312,10.105769888954525,56,139000,0,step143000,-2.3131065368652344,0,139000,
step4000,4000,step143000,143000,explanation_007,explanation,Explain why towns maintain public transit.,"

The city of New York has a long history of public transit. The city’s first subway system opened in 1883, and the city’s first bus system opened in 1905. The city’s first subway line opened in 1909, and the city’s first",-1.509790301322937,-84.54825592041016,4.525781644376486,56,139000,0,step143000,-1.509790301322937,0,139000,
step4000,4000,step64000,64000,explanation_007,explanation,Explain why towns maintain public transit.,"

The city of San Diego has a public transit system that is the largest in the country. The San Diego Regional Transit Authority (SDRTA) is the largest transit agency in the country. The SDRTA is the largest transit agency in the United States. The SD",-1.5764766931533813,-88.2826919555664,4.837880410789381,56,60000,0,step143000,-1.509790301322937,0,60000,
step4000,4000,step128000,128000,explanation_007,explanation,Explain why towns maintain public transit.,"

The city of New York has a long history of public transit. The city’s first subway system was built in 1883, and the first subway car was built in the Bronx in 1904. The city’s first subway car was the first subway car in the world",-1.8360627889633179,-102.81951904296875,6.271796200411363,56,124000,0,step143000,-1.509790301322937,0,124000,
step4000,4000,step16000,16000,explanation_007,explanation,Explain why towns maintain public transit.,"

“We’re not going to be able to do this without public transportation,” said Mayor John Hancock. “We’re going to have to do this on a local level.”

The city is also considering a proposal to build a new $1.5",-1.8543660640716553,-103.84449768066406,6.3876476075164454,56,12000,0,step143000,-1.509790301322937,0,12000,
step4000,4000,step64000,64000,explanation_010,explanation,Explain why software teams use version control.,"

The following are some of the most common reasons why software teams use version control:

1. Version control is a way to ensure that your software is always up to date.

2. Version control is a way to ensure that your software is always up to",-1.586637258529663,-88.8516845703125,4.887286583263495,56,60000,0,step64000,-1.586637258529663,0,60000,
step4000,4000,step128000,128000,explanation_010,explanation,Explain why software teams use version control.,"

The first step in version control is to create a version control system. This is a system that allows you to track changes in your code. Version control systems are used to track changes in your code.

Version control systems are used to track changes in your code.",-1.9814053773880005,-110.95870208740234,7.252928928249994,56,124000,0,step64000,-1.586637258529663,0,124000,
step4000,4000,step64000,64000,explanation_011,explanation,Explain why newspapers keep corrections pages.,"

The first thing to note is that the corrections page is not a page that is automatically generated. It is a page that is manually created by the editor. The editor is responsible for creating the page and for making sure that it is correct.

The second thing to",-2.0931196212768555,-117.2146987915039,8.110176419961558,56,60000,0,step64000,-2.0931196212768555,0,60000,
step4000,4000,step64000,64000,explanation_012,explanation,Explain why research groups maintain lab notebooks.,"

The research groups are also required to keep a journal of their research.

The journal should be kept in a locked cabinet and should be kept in a locked cabinet with a lock.

The journal should be kept in a locked cabinet with a lock.

",-2.0305583477020264,-111.68070983886719,7.618338853476273,55,60000,0,step64000,-2.0305583477020264,0,60000,
step4000,4000,step16000,16000,explanation_013,explanation,Explain why legislatures use committees.,"

The committee’s report, which was released in January, said the state’s “unprecedented” use of the committee’s powers to “create and implement” a new law “is a violation of the state’s constitutional right to a public hearing.”
",-1.8937923908233643,-106.05237579345703,6.6445195749513415,56,12000,0,step16000,-1.8937923908233643,0,12000,
step4000,4000,step16000,16000,explanation_014,explanation,Explain why cities zone industrial districts.,"

The city of San Francisco has been criticized for its lack of industrial districts, and the city’s industrial districts are often the most expensive in the country.

The city’s industrial districts are often the most expensive in the country.

The city’s",-2.237779140472412,-125.31563568115234,9.372493165992399,56,12000,0,step16000,-2.237779140472412,0,12000,
step4000,4000,step128000,128000,explanation_014,explanation,Explain why cities zone industrial districts.,"

The city of New York has a long history of zoning. In the early 1900s, the city was a leader in the development of the industrial districts. The city’s first zoning ordinance was passed in 1883, and the first zoning ordinance was passed in New York",-2.3028359413146973,-128.9588165283203,10.002508797857224,56,124000,0,step16000,-2.237779140472412,0,124000,
step4000,4000,step128000,128000,explanation_015,explanation,Explain why conferences use peer review.,"

The peer review process is a critical component of the process of peer review. Peer review is a process in which a group of reviewers reviews a paper and makes a decision about whether or not to accept the paper. Peer review is a process in which a group of reviewers reviews",-1.9644769430160522,-110.01071166992188,7.131181600143557,56,124000,0,step128000,-1.9644769430160522,0,124000,
step4000,4000,step143000,143000,judgment_008,judgment,Should a newsroom publish quickly with updates or wait for fuller confirmation?,"

I’m not sure I’d call it a “newsroom” but I’m sure it’s a place where people can get their news.

I’m not sure I’d call it a “newsroom” but I’m sure",-1.1457229852676392,-64.16048431396484,3.1447141171316866,56,139000,0,step143000,-1.1457229852676392,0,139000,
step4000,4000,step64000,64000,judgment_009,judgment,Should a university require broad general education or early specialization?,"

I am a graduate student in the field of education. I am interested in the question of whether a university should require broad general education or early specialization. I am not sure if I understand the question correctly.

A:

The question is not about whether a",-1.6438181400299072,-92.05381774902344,5.174890295708927,56,60000,0,step64000,-1.6438181400299072,0,60000,
step4000,4000,step128000,128000,judgment_009,judgment,Should a university require broad general education or early specialization?,"

A:

The answer is yes.
The University of California, Berkeley, has a general education requirement for all students.  The requirement is that the student must have a general education in the sciences, mathematics, and the humanities.  The requirement is not",-1.8550775051116943,-103.88433837890625,6.3921936591058275,56,124000,0,step64000,-1.6438181400299072,0,124000,
step4000,4000,step64000,64000,judgment_013,judgment,Should a community preserve a historic building or replace it with housing?,"

The answer is yes.

The City of San Diego has a historic building that is being preserved and is being used as a community center. The building is located in the heart of the city and is a great example of how a community can preserve a historic building.",-1.855569839477539,-103.91191101074219,6.395341530556402,56,60000,0,step64000,-1.855569839477539,0,60000,
step4000,4000,step64000,64000,judgment_014,judgment,Should a school ban phones outright or regulate their use?,"

I’m not sure what you mean by “ban phones outright” but I’m sure you’re referring to the fact that the FCC has not yet decided whether or not to ban phones outright.

I’m not sure what you mean by “regulate",-1.6434481143951416,-92.03309631347656,5.172975807869048,56,60000,0,step64000,-1.6434481143951416,0,60000,
step4000,4000,step64000,64000,judgment_017,judgment,Should a town build a large central park or several smaller parks?,"

I think it's a good idea to have a central park. It's a great place to get away from the hustle and bustle of the city. It's also a great place to get away from the city.

I think it's a good idea",-1.261819839477539,-70.66191101074219,3.5318430298790937,56,60000,0,step64000,-1.261819839477539,0,60000,
step4000,4000,step143000,143000,judgment_017,judgment,Should a town build a large central park or several smaller parks?,"

I think that the answer is yes.

The problem is that the parks are not large enough to support the number of people who would use them.

The parks are not large enough to support the number of people who would use them.

The parks",-1.3767640590667725,-77.09878540039062,3.9620598694039533,56,139000,0,step64000,-1.261819839477539,0,139000,
step4000,4000,step16000,16000,judgment_018,judgment,Should an instructor prioritize mastery or coverage in a difficult course?,"

The answer is yes.

The question is, “What is the most important thing you can do to improve your mastery of a difficult course?”

The answer is, “I don’t know.”

The question is, “What is the most",-1.3934873342514038,-78.03529357910156,4.028875618801953,56,12000,0,step16000,-1.3934873342514038,0,12000,
step4000,4000,step128000,128000,judgment_018,judgment,Should an instructor prioritize mastery or coverage in a difficult course?,"

I’ve been teaching for over 20 years and I’ve never seen a course that was so difficult that I couldn’t get through it. I’ve taught in many different settings, but I’ve never seen a course that was so difficult that I couldn",-1.5315625667572021,-85.76750183105469,4.625398672723472,56,124000,0,step16000,-1.3934873342514038,0,124000,
step4000,4000,step64000,64000,judgment_018,judgment,Should an instructor prioritize mastery or coverage in a difficult course?,"

I’m not sure if this is a question that I’m asking, but I’m curious about the answer. I’m a high school teacher and I’ve been teaching for about a year now. I’ve been teaching for about a year and",-1.5824174880981445,-88.6153793334961,4.866706807351763,56,60000,0,step16000,-1.3934873342514038,0,60000,
step4000,4000,step16000,16000,style_opening_001,style_opening,Write the opening paragraph of an essay about memory.,"

The first thing you should do is to write a short introduction. This is a good way to start your essay. You should also write a short introduction that is short and to the point.

The second thing you should do is to write a short introduction that is",-1.7158206701278687,-96.0859603881836,5.561237581685636,56,12000,0,step16000,-1.7158206701278687,0,12000,
step4000,4000,step143000,143000,style_opening_006,style_opening,Write the opening paragraph of an essay about public attention.,"

The essay is a great way to get your point across. It’s also a great way to get your point across to your audience.

The opening paragraph is the most important part of your essay. It’s the first thing that your audience sees when they",-1.743640661239624,-97.64387512207031,5.718123323377157,56,139000,0,step143000,-1.743640661239624,0,139000,
step4000,4000,step16000,16000,style_opening_006,style_opening,Write the opening paragraph of an essay about public attention.,"

The first thing you should do is to write a short introduction. This is a good way to start your essay. You should also write a short introduction that is short and to the point.

The second thing you should do is to write a short introduction that is",-1.7976710796356201,-100.6695785522461,6.035574710757772,56,12000,0,step143000,-1.743640661239624,0,12000,
step4000,4000,step16000,16000,style_opening_011,style_opening,Write the opening paragraph of an essay about attention.,"

The first thing you should do is to write a short introduction. This is a good way to start your essay. You should also write a short introduction that is short and to the point.

The second thing you should do is to write a short introduction that is",-1.4705857038497925,-82.35279846191406,4.351783250974563,56,12000,0,step16000,-1.4705857038497925,0,12000,
step4000,4000,step16000,16000,style_opening_013,style_opening,Write the opening paragraph of an essay about delay.,"

The first thing you should do is to write a short introduction. This is a good way to introduce yourself to the reader and to make them feel comfortable with you.

The second thing you should do is to write a short conclusion. This is a good way to",-2.09354829788208,-117.23870849609375,8.113653808141269,56,12000,0,step16000,-2.09354829788208,0,12000,
step4000,4000,step16000,16000,style_opening_018,style_opening,Write the opening paragraph of an essay about access.,"

The first thing you should do is to write a short introduction. This is a good way to start your essay. You should also write a short introduction that is short and to the point.

The second thing you should do is to write a short introduction that is",-1.7574137449264526,-98.41516876220703,5.7974243708239905,56,12000,0,step16000,-1.7574137449264526,0,12000,
step4000,4000,step143000,143000,style_opening_019,style_opening,Write the opening paragraph of an essay about expertise and doubt.,"

The essay is a great way to introduce your topic and to get your reader to think about it.

The opening paragraph is the most important part of your essay. It is the first thing your reader will see and it is the first thing they will remember.
",-1.7869796752929688,-100.07086181640625,5.971389666608806,56,139000,0,step143000,-1.7869796752929688,0,139000,
step4000,4000,step16000,16000,style_opening_020,style_opening,Write the opening paragraph of an essay about common goods.,"

The first thing you should do is to write a short introduction. This is a good way to start your essay. You should also write a short introduction that is short and to the point.

The second thing you should do is to write a conclusion. This is",-1.8336869478225708,-102.68647003173828,6.2569130959188115,56,12000,0,step16000,-1.8336869478225708,0,12000,
step64000,64000,step143000,143000,explanation_004,explanation,Explain why museums use wall labels.,"

The museum’s website says: “The museum is dedicated to the preservation of the history of the city of London and the surrounding area. It is a place where visitors can discover the history of London and the city’s people. The museum is a place where visitors",-2.0275766849517822,-113.5442886352539,7.5956573673730325,56,79000,0,step143000,-2.0275766849517822,0,79000,
step64000,64000,step64000,64000,explanation_007,explanation,Explain why towns maintain public transit.,"

The city of San Diego has a public transit system that is the largest in the country. The San Diego Regional Transit Authority (SDRTA) is the largest transit agency in the country. The SDRTA is the largest transit agency in the United States. The SD",-1.2134180068969727,-67.95140838623047,3.364966497554726,56,0,1,step64000,-1.2134180068969727,1,0,0.2330700159072876
step64000,64000,step143000,143000,explanation_007,explanation,Explain why towns maintain public transit.,"

The city of New York has a long history of public transit. The city’s first subway system opened in 1883, and the city’s first bus system opened in 1905. The city’s first subway line opened in 1909, and the city’s first",-1.4464880228042603,-81.00332641601562,4.248168814051134,56,79000,0,step64000,-1.2134180068969727,1,79000,0.2330700159072876
step64000,64000,step128000,128000,explanation_007,explanation,Explain why towns maintain public transit.,"

The city of New York has a long history of public transit. The city’s first subway system was built in 1883, and the first subway car was built in the Bronx in 1904. The city’s first subway car was the first subway car in the world",-1.676044225692749,-93.85847473144531,5.344372967880175,56,64000,0,step64000,-1.2134180068969727,1,64000,0.2330700159072876
step64000,64000,step16000,16000,explanation_007,explanation,Explain why towns maintain public transit.,"

“We’re not going to be able to do this without public transportation,” said Mayor John Hancock. “We’re going to have to do this on a local level.”

The city is also considering a proposal to build a new $1.5",-1.7293798923492432,-96.84527587890625,5.637157180070488,56,48000,0,step64000,-1.2134180068969727,1,48000,0.2330700159072876
step64000,64000,step64000,64000,explanation_010,explanation,Explain why software teams use version control.,"

The following are some of the most common reasons why software teams use version control:

1. Version control is a way to ensure that your software is always up to date.

2. Version control is a way to ensure that your software is always up to",-1.1530745029449463,-64.57217407226562,3.1679177249174733,56,0,1,step64000,-1.1530745029449463,1,0,0.2827413082122803
step64000,64000,step128000,128000,explanation_010,explanation,Explain why software teams use version control.,"

The first step in version control is to create a version control system. This is a system that allows you to track changes in your code. Version control systems are used to track changes in your code.

Version control systems are used to track changes in your code.",-1.4358158111572266,-80.40568542480469,4.203072523954943,56,64000,0,step64000,-1.1530745029449463,1,64000,0.2827413082122803
step64000,64000,step64000,64000,explanation_011,explanation,Explain why newspapers keep corrections pages.,"

The first thing to note is that the corrections page is not a page that is automatically generated. It is a page that is manually created by the editor. The editor is responsible for creating the page and for making sure that it is correct.

The second thing to",-1.5561507940292358,-87.14444732666016,4.740538771064796,56,0,1,step64000,-1.5561507940292358,1,0,
step64000,64000,step64000,64000,explanation_012,explanation,Explain why research groups maintain lab notebooks.,"

The research groups are also required to keep a journal of their research.

The journal should be kept in a locked cabinet and should be kept in a locked cabinet with a lock.

The journal should be kept in a locked cabinet with a lock.

",-1.468695878982544,-80.77827453613281,4.343566908939089,55,0,1,step64000,-1.468695878982544,1,0,
step64000,64000,step16000,16000,explanation_013,explanation,Explain why legislatures use committees.,"

The committee’s report, which was released in January, said the state’s “unprecedented” use of the committee’s powers to “create and implement” a new law “is a violation of the state’s constitutional right to a public hearing.”
",-1.877554178237915,-105.14303588867188,6.537495743087823,56,48000,0,step16000,-1.877554178237915,0,48000,
step64000,64000,step16000,16000,explanation_014,explanation,Explain why cities zone industrial districts.,"

The city of San Francisco has been criticized for its lack of industrial districts, and the city’s industrial districts are often the most expensive in the country.

The city’s industrial districts are often the most expensive in the country.

The city’s",-2.2135872840881348,-123.96089172363281,9.148475780893767,56,48000,0,step16000,-2.2135872840881348,0,48000,
step64000,64000,step128000,128000,explanation_014,explanation,Explain why cities zone industrial districts.,"

The city of New York has a long history of zoning. In the early 1900s, the city was a leader in the development of the industrial districts. The city’s first zoning ordinance was passed in 1883, and the first zoning ordinance was passed in New York",-2.2506816387176514,-126.03817749023438,9.494205249098046,56,64000,0,step16000,-2.2135872840881348,0,64000,
step64000,64000,step128000,128000,explanation_015,explanation,Explain why conferences use peer review.,"

The peer review process is a critical component of the process of peer review. Peer review is a process in which a group of reviewers reviews a paper and makes a decision about whether or not to accept the paper. Peer review is a process in which a group of reviewers reviews",-1.6764041185379028,-93.87863159179688,5.346296715623909,56,64000,0,step128000,-1.6764041185379028,0,64000,
step64000,64000,step143000,143000,judgment_008,judgment,Should a newsroom publish quickly with updates or wait for fuller confirmation?,"

I’m not sure I’d call it a “newsroom” but I’m sure it’s a place where people can get their news.

I’m not sure I’d call it a “newsroom” but I’m sure",-1.05202054977417,-58.913150787353516,2.8634309816690586,56,79000,0,step143000,-1.05202054977417,0,79000,
step64000,64000,step64000,64000,judgment_009,judgment,Should a university require broad general education or early specialization?,"

I am a graduate student in the field of education. I am interested in the question of whether a university should require broad general education or early specialization. I am not sure if I understand the question correctly.

A:

The question is not about whether a",-1.1499618291854858,-64.39786529541016,3.1580723611947437,56,0,1,step64000,-1.1499618291854858,1,0,0.3290531635284424
step64000,64000,step128000,128000,judgment_009,judgment,Should a university require broad general education or early specialization?,"

A:

The answer is yes.
The University of California, Berkeley, has a general education requirement for all students.  The requirement is that the student must have a general education in the sciences, mathematics, and the humanities.  The requirement is not",-1.4790149927139282,-82.82483673095703,4.3886207278205775,56,64000,0,step64000,-1.1499618291854858,1,64000,0.3290531635284424
step64000,64000,step64000,64000,judgment_013,judgment,Should a community preserve a historic building or replace it with housing?,"

The answer is yes.

The City of San Diego has a historic building that is being preserved and is being used as a community center. The building is located in the heart of the city and is a great example of how a community can preserve a historic building.",-1.4023754596710205,-78.53302764892578,4.064844381247438,56,0,1,step64000,-1.4023754596710205,1,0,
step64000,64000,step64000,64000,judgment_014,judgment,Should a school ban phones outright or regulate their use?,"

I’m not sure what you mean by “ban phones outright” but I’m sure you’re referring to the fact that the FCC has not yet decided whether or not to ban phones outright.

I’m not sure what you mean by “regulate",-1.308781623840332,-73.2917709350586,3.701660948195942,56,0,1,step64000,-1.308781623840332,1,0,
step64000,64000,step64000,64000,judgment_017,judgment,Should a town build a large central park or several smaller parks?,"

I think it's a good idea to have a central park. It's a great place to get away from the hustle and bustle of the city. It's also a great place to get away from the city.

I think it's a good idea",-0.9881507754325867,-55.33644485473633,2.6862623741263123,56,0,1,step64000,-0.9881507754325867,1,0,0.14066988229751587
step64000,64000,step143000,143000,judgment_017,judgment,Should a town build a large central park or several smaller parks?,"

I think that the answer is yes.

The problem is that the parks are not large enough to support the number of people who would use them.

The parks are not large enough to support the number of people who would use them.

The parks",-1.1288206577301025,-63.213958740234375,3.092007813509107,56,79000,0,step64000,-0.9881507754325867,1,79000,0.14066988229751587
step64000,64000,step128000,128000,judgment_018,judgment,Should an instructor prioritize mastery or coverage in a difficult course?,"

I’ve been teaching for over 20 years and I’ve never seen a course that was so difficult that I couldn’t get through it. I’ve taught in many different settings, but I’ve never seen a course that was so difficult that I couldn",-1.1555100679397583,-64.70856475830078,3.1756427980748634,56,64000,0,step128000,-1.1555100679397583,0,64000,-0.08300089836120605
step64000,64000,step16000,16000,judgment_018,judgment,Should an instructor prioritize mastery or coverage in a difficult course?,"

The answer is yes.

The question is, “What is the most important thing you can do to improve your mastery of a difficult course?”

The answer is, “I don’t know.”

The question is, “What is the most",-1.234654426574707,-69.1406478881836,3.4371905137459104,56,48000,0,step128000,-1.1555100679397583,0,48000,-0.08300089836120605
step64000,64000,step64000,64000,judgment_018,judgment,Should an instructor prioritize mastery or coverage in a difficult course?,"

I’m not sure if this is a question that I’m asking, but I’m curious about the answer. I’m a high school teacher and I’ve been teaching for about a year now. I’ve been teaching for about a year and",-1.2385109663009644,-69.35661315917969,3.4504717688920366,56,0,1,step128000,-1.1555100679397583,0,0,-0.08300089836120605
step64000,64000,step16000,16000,style_opening_001,style_opening,Write the opening paragraph of an essay about memory.,"

The first thing you should do is to write a short introduction. This is a good way to start your essay. You should also write a short introduction that is short and to the point.

The second thing you should do is to write a short introduction that is",-1.4912632703781128,-83.5107421875,4.442704312302995,56,48000,0,step16000,-1.4912632703781128,0,48000,
step64000,64000,step143000,143000,style_opening_006,style_opening,Write the opening paragraph of an essay about public attention.,"

The essay is a great way to get your point across. It’s also a great way to get your point across to your audience.

The opening paragraph is the most important part of your essay. It’s the first thing that your audience sees when they",-1.5676209926605225,-87.78677368164062,4.795226733699388,56,79000,0,step143000,-1.5676209926605225,0,79000,
step64000,64000,step16000,16000,style_opening_006,style_opening,Write the opening paragraph of an essay about public attention.,"

The first thing you should do is to write a short introduction. This is a good way to start your essay. You should also write a short introduction that is short and to the point.

The second thing you should do is to write a short introduction that is",-1.6368497610092163,-91.66358947753906,5.1389550493590885,56,48000,0,step143000,-1.5676209926605225,0,48000,
step64000,64000,step16000,16000,style_opening_011,style_opening,Write the opening paragraph of an essay about attention.,"

The first thing you should do is to write a short introduction. This is a good way to start your essay. You should also write a short introduction that is short and to the point.

The second thing you should do is to write a short introduction that is",-1.3101117610931396,-73.36625671386719,3.706587941382562,56,48000,0,step16000,-1.3101117610931396,0,48000,
step64000,64000,step16000,16000,style_opening_013,style_opening,Write the opening paragraph of an essay about delay.,"

The first thing you should do is to write a short introduction. This is a good way to introduce yourself to the reader and to make them feel comfortable with you.

The second thing you should do is to write a short conclusion. This is a good way to",-1.6882927417755127,-94.54439544677734,5.410236145795349,56,48000,0,step16000,-1.6882927417755127,0,48000,
step64000,64000,step16000,16000,style_opening_018,style_opening,Write the opening paragraph of an essay about access.,"

The first thing you should do is to write a short introduction. This is a good way to start your essay. You should also write a short introduction that is short and to the point.

The second thing you should do is to write a short introduction that is",-1.5958478450775146,-89.36747741699219,4.932509303507186,56,48000,0,step16000,-1.5958478450775146,0,48000,
step64000,64000,step143000,143000,style_opening_019,style_opening,Write the opening paragraph of an essay about expertise and doubt.,"

The essay is a great way to introduce your topic and to get your reader to think about it.

The opening paragraph is the most important part of your essay. It is the first thing your reader will see and it is the first thing they will remember.
",-1.5023518800735474,-84.13170623779297,4.492241870153972,56,79000,0,step143000,-1.5023518800735474,0,79000,
step64000,64000,step16000,16000,style_opening_020,style_opening,Write the opening paragraph of an essay about common goods.,"

The first thing you should do is to write a short introduction. This is a good way to start your essay. You should also write a short introduction that is short and to the point.

The second thing you should do is to write a conclusion. This is",-1.667531967163086,-93.38179016113281,5.29907335802216,56,48000,0,step16000,-1.667531967163086,0,48000,
